id,wals_code,name,family,genus,macroarea,is_control,control_role,repeat,position,expression,romanisation,literal,meaning,register,currency,confidence,stage2_status,stage2_errors,stage2_warnings,denies_humanity,animal,supernatural,against_nature,other_figurative,humanity_basis,humanity_transparency,origin,origin_source,doubt,reason,stage1_custom_id,stage2_custom_id
ain_r1_1,ain,Ainu,Ainu,Ainu,Eurasia,false,,1,1,wen,,bad,"Bad, evil, wicked. The general term, applied to persons, acts or things. Its strength depends on context, and it does not specifically mean 'cruel'.",everyday,current,high,valid,[],[],False,False,False,False,,,,native,,,Wen is the basic native adjective 'bad' and is a plain condemnation with no figurative basis.,s1_ain_r1,s2_ain_r1
ain_r1_2,ain,Ainu,Ainu,Ainu,Eurasia,false,,1,2,wen kur,,bad person,"A bad or wicked person, an evildoer.",everyday,current,medium,valid,[],[],False,False,False,False,,,,native,,,Wen kur means 'bad person'; it affirms rather than denies personhood and is a plain condemnation.,s1_ain_r1,s2_ain_r1
ain_r1_3,ain,Ainu,Ainu,Ainu,Eurasia,false,,1,3,wenpuri,,bad custom/behaviour,Bad conduct or wicked character; evil behaviour.,everyday,current,medium,valid,[],[],False,False,False,False,,,,native,,,"Wenpuri combines wen 'bad' and puri 'custom, behaviour', a literal description of bad conduct.",s1_ain_r1,s2_ain_r1
ain_r1_4,ain,Ainu,Ainu,Ainu,Eurasia,false,,1,4,nitne,,"hard, stiff","Evil or malevolent, especially of spirits or beings; harsh or malignant.",formal_or_literary,archaic,medium,valid,[],[],False,False,False,False,physical hardness/stiffness as a metaphor for malevolence,,,native,,,"Nitne literally means 'hard, stiff' and is extended metaphorically to malignancy; its common use with evil spirits is collocational rather than a comparison.",s1_ain_r1,s2_ain_r1
ain_r1_5,ain,Ainu,Ainu,Ainu,Eurasia,false,,1,5,wenkamuy,,bad god/spirit,Evil spirit or demon; also a bear that has killed people. It can be applied to a monstrously wicked being.,formal_or_literary,archaic,medium,valid,[],[],False,False,True,False,,,,native,,Primarily denotes evil spirits or man-killing bears; its use to condemn a cruel human is less well attested.,"Wenkamuy 'bad kamuy/spirit' likens a wicked being to an evil supernatural being; the man-killing-bear sense is still a kamuy, so animal is not marked.",s1_ain_r1,s2_ain_r1
ain_r1_6,ain,Ainu,Ainu,Ainu,Eurasia,false,,1,6,keutum wen,,heart/disposition bad,"Evil-hearted, of bad disposition, malicious.",everyday,current,low,valid,[],[],False,False,False,False,heart/disposition as the seat of character,,,native,,,"Keutum wen means 'disposition/heart is bad', locating the wickedness in the inner self with no comparison to non-human beings.",s1_ain_r1,s2_ain_r1
aeg_r1_1,aeg,Arabic (Egyptian),Afro-Asiatic,Semitic,Africa,false,,1,1,حرام عليك,ḥarām ʿalēk,forbidden/sinful upon you,How could you! Shame on you! A reproach that an act is cruel or heartless toward someone.,everyday,current,high,valid,[],[],False,False,False,False,"frames the act as religiously forbidden, a sin",,,native,,,"The reproach rests on the religious category ḥarām (sinful, forbidden), not on any comparison or denial of humanity.",s1_aeg_r1,s2_aeg_r1
aeg_r1_2,aeg,Arabic (Egyptian),Afro-Asiatic,Semitic,Africa,false,,1,2,ظالم,ẓālim,"wrongdoer, oppressor","Unjust, oppressive, cruel person who wrongs others.",everyday,current,high,valid,[],[],False,False,False,False,,,,native,,,"It is a plain agent noun meaning 'wrongdoer, oppressor' with no figurative basis.",s1_aeg_r1,s2_aeg_r1
aeg_r1_3,aeg,Arabic (Egyptian),Afro-Asiatic,Semitic,Africa,false,,1,3,مفتري,muftari,one who transgresses / oppresses,"Tyrannical, abusive, cruelly unjust person who mistreats others.",everyday,current,high,valid,[],[],False,False,False,False,,,,native,,"In Classical Arabic muftarī means 'fabricator, slanderer'; the Egyptian sense 'abusive oppressor' is a semantic shift.","It is a plain condemnatory agent noun for an abusive person, with no figurative basis.",s1_aeg_r1,s2_aeg_r1
aeg_r1_4,aeg,Arabic (Egyptian),Afro-Asiatic,Semitic,Africa,false,,1,4,قلبه حجر,ʾalbu ḥagar,his heart (is) stone,He is heartless and pitiless.,everyday,current,high,valid,[],[],False,False,False,False,"metaphor of a heart made of stone (hardness, insensitivity)",,,native,,,It metaphorically equates the heart with stone to convey pitilessness.,s1_aeg_r1,s2_aeg_r1
aeg_r1_5,aeg,Arabic (Egyptian),Afro-Asiatic,Semitic,Africa,false,,1,5,معندوش رحمة,maʿandūš raḥma,he doesn't have mercy,"He is merciless, utterly without compassion.",everyday,current,high,valid,[],[],False,False,False,False,,,,native,,,"It negates mercy rather than humanity, which makes it a plain condemnation.",s1_aeg_r1,s2_aeg_r1
aeg_r1_6,aeg,Arabic (Egyptian),Afro-Asiatic,Semitic,Africa,false,,1,6,ده ما يرضيش ربنا,da ma-yirḍīš rabbina,this doesn't please our Lord,"This is wrong, outrageous and cruel; God would not accept it.",everyday,current,high,valid,[],[],False,False,False,False,appeal to God's disapproval,,,native,,,"It condemns the act by stating that God would not accept it, a religious framing.",s1_aeg_r1,s2_aeg_r1
aeg_r1_7,aeg,Arabic (Egyptian),Afro-Asiatic,Semitic,Africa,false,,1,7,حسبي الله ونعم الوكيل,ḥasbiya-llāh wi niʿma-l-wakīl,"God suffices me, and (He is) the best guardian","Said against someone who has done grave injustice or cruelty, leaving their punishment to God.",everyday,current,high,valid,[],[],False,False,False,False,religious formula entrusting the wrongdoer's punishment to God,,,native,,,"It is a Quranic formula invoking God against an injustice, not a description of the person.",s1_aeg_r1,s2_aeg_r1
aeg_r1_8,aeg,Arabic (Egyptian),Afro-Asiatic,Semitic,Africa,false,,1,8,ما يعرفش ربنا,ma-yiʿrafš rabbina,he doesn't know our Lord,He is godless and unscrupulous; he will do any wicked or cruel thing.,everyday,current,high,valid,[],[],False,False,False,False,godlessness: the person does not know God,,,native,,,It attributes wickedness to the absence of any relationship with God.,s1_aeg_r1,s2_aeg_r1
aeg_r1_9,aeg,Arabic (Egyptian),Afro-Asiatic,Semitic,Africa,false,,1,9,معندوش ضمير,maʿandūš ḍamīr,he doesn't have a conscience,He is unscrupulous and capable of wicked or cruel acts without remorse.,everyday,current,high,valid,[],[],False,False,False,False,,,,native,,,"It negates conscience rather than humanity, which makes it a plain condemnation.",s1_aeg_r1,s2_aeg_r1
aeg_r1_10,aeg,Arabic (Egyptian),Afro-Asiatic,Semitic,Africa,false,,1,10,قاسي,ʾāsi,hard,"Cruel, harsh, hard-hearted.",everyday,current,high,valid,[],[],False,False,False,False,lexicalised metaphor of physical hardness,,,native,,,Qāsī literally means 'hard' and is applied metaphorically to a hard-hearted person.,s1_aeg_r1,s2_aeg_r1
aeg_r1_11,aeg,Arabic (Egyptian),Afro-Asiatic,Semitic,Africa,false,,1,11,مجرم,mugrim,criminal,Used hyperbolically for someone who has done something monstrous or cruel.,everyday,current,high,valid,[],[],False,False,False,False,,,,native,,,"It is a hyperbolic use of the legal label 'criminal', with no figurative comparison.",s1_aeg_r1,s2_aeg_r1
aeg_r1_12,aeg,Arabic (Egyptian),Afro-Asiatic,Semitic,Africa,false,,1,12,شيطان,šēṭān,"devil, Satan","An evil, wicked person.",everyday,current,high,valid,[],[],False,False,True,False,,,,native,,,"It calls the person a devil, comparing them to a supernatural evil being.",s1_aeg_r1,s2_aeg_r1
aeg_r1_13,aeg,Arabic (Egyptian),Afro-Asiatic,Semitic,Africa,false,,1,13,ربنا ينتقم منه,rabbina yintiʾim minnu,our Lord take-revenge from him,May God punish him; a curse on someone who has committed a cruel or unjust act.,everyday,current,high,valid,[],[],False,False,False,False,curse invoking divine vengeance,,,native,,,"It is a religious curse calling for God's punishment, not a description of the person.",s1_aeg_r1,s2_aeg_r1
aeg_r1_14,aeg,Arabic (Egyptian),Afro-Asiatic,Semitic,Africa,false,,1,14,ابن حرام,ibn ḥarām,son of the forbidden (illegitimate child),"A wicked, vile person who does evil deliberately.",slang_or_insult,current,high,valid,[],[],False,False,False,False,insult of illegitimate or sinful birth,,,native,,,It attributes the person's wickedness to illegitimate birth ('son of the forbidden').,s1_aeg_r1,s2_aeg_r1
aeg_r1_15,aeg,Arabic (Egyptian),Afro-Asiatic,Semitic,Africa,false,,1,15,وحشي,waḥši,"beast-like, savage","Brutal, savage. Used especially of atrocious acts, often in news-influenced speech.",formal_or_literary,current,medium,valid,[],[],False,True,False,False,,,,native,,,"Waḥšī is a derivative of waḥš ('wild beast'), so it likens the person or act to a savage animal.",s1_aeg_r1,s2_aeg_r1
arm_r1_1,arm,Armenian (Eastern),Indo-European,Armenian,Eurasia,false,,1,1,դաժան,dažan,cruel,Cruel or brutal. The standard word for a cruel person or act.,everyday,current,high,valid,[],[],False,False,False,False,,,,unknown,,Etymology is debated; an Iranian source has been proposed but is not certain.,This is the plain basic adjective for 'cruel' and has no figurative basis.,s1_arm_r1,s2_arm_r1
arm_r1_2,arm,Armenian (Eastern),Indo-European,Armenian,Eurasia,false,,1,2,անխիղճ,anxiłč,without-conscience,Conscienceless or heartless. Condemns someone who does terrible things without remorse.,everyday,current,high,valid,[],[],False,False,False,False,,,,native,,,"It is a privative an- plus xiłč 'conscience', which negates conscience rather than humanity, so it is a plain condemnation.",s1_arm_r1,s2_arm_r1
arm_r1_3,arm,Armenian (Eastern),Indo-European,Armenian,Eurasia,false,,1,3,գազան,gazan,"beast, wild animal","Brute or beast. Used of a person who acts with savage cruelty, as in 'he's a beast'.",everyday,current,high,valid,[],[],False,True,False,False,,,,unknown,,"Possibly an old Iranian loan, but this is uncertain.","It calls the person a wild beast, which is an animal comparison.",s1_arm_r1,s2_arm_r1
arm_r1_4,arm,Armenian (Eastern),Indo-European,Armenian,Eurasia,false,,1,4,անգութ,angutʻ,without-pity,Merciless or pitiless.,everyday,current,high,valid,[],[],False,False,False,False,,,,native,,,"It is a privative an- plus gutʻ 'pity', meaning simply 'pitiless', which is not figurative.",s1_arm_r1,s2_arm_r1
arm_r1_5,arm,Armenian (Eastern),Indo-European,Armenian,Eurasia,false,,1,5,չար,čʻar,"evil, bad","Wicked, evil or malicious, of a person or a deed.",everyday,current,high,valid,[],[],False,False,False,False,,,,native,,,"This is the plain basic word for 'evil, bad'.",s1_arm_r1,s2_arm_r1
arm_r1_6,arm,Armenian (Eastern),Indo-European,Armenian,Eurasia,false,,1,6,անմարդկային,anmardkayin,un-human-ly,Inhuman. Condemns an act as monstrously cruel.,everyday,current,high,valid,[],[],True,False,False,False,,literal,transparent,native,,,"It is formed from privative an- plus mardkayin 'human', which explicitly negates humanity in a way any speaker can see.",s1_arm_r1,s2_arm_r1
arm_r1_7,arm,Armenian (Eastern),Indo-European,Armenian,Eurasia,false,,1,7,հրեշ,hreš,monster,A monster: a person capable of atrocious cruelty.,everyday,current,high,valid,[],[],False,False,True,False,,,,unknown,,,"It calls the person a monster, which is a comparison to a supernatural or monstrous being.",s1_arm_r1,s2_arm_r1
arm_r1_8,arm,Armenian (Eastern),Indo-European,Armenian,Eurasia,false,,1,8,անասուն,anasun,"animal, cattle (lit. 'speechless one')",Brute or animal. An insult for a brutal or inhumanly behaving person; it is also used for stupidity.,slang_or_insult,current,high,valid,[],[],False,True,False,False,,,,native,,,"It calls the person a brute animal; the etymology 'speechless' contains no word for 'human', so humanity is not denied explicitly.",s1_arm_r1,s2_arm_r1
arm_r1_9,arm,Armenian (Eastern),Indo-European,Armenian,Eurasia,false,,1,9,անաստված,anastvac,without-God,"Godless. Used of someone ruthless, shameless or cruel who fears nothing.",everyday,current,medium,valid,[],[],False,False,False,False,"lacking God, i.e. godlessness or no fear of divine judgement",,,native,,,"It condemns the person through privation of God, which is a religious figurative basis.",s1_arm_r1,s2_arm_r1
arm_r1_10,arm,Armenian (Eastern),Indo-European,Armenian,Eurasia,false,,1,10,Աստված չունի,Astvac čʻuni,God not-has,'He has no God.' Said of someone utterly merciless or unscrupulous.,everyday,current,medium,valid,[],[],False,False,False,False,"having no God, i.e. no fear of divine judgement",,,native,,,"This idiom portrays the cruel person as without God, a religious figurative basis.",s1_arm_r1,s2_arm_r1
arm_r1_11,arm,Armenian (Eastern),Indo-European,Armenian,Eurasia,false,,1,11,քարսիրտ,kʻarsirt,stone-heart(ed),"Hard-hearted or callous, indifferent to suffering.",everyday,current,high,valid,[],[],False,False,False,False,"heart of stone (hardness, insensibility)",,,native,,,"It is a compound of kʻar 'stone' and sirt 'heart', a metaphor of a heart made of stone.",s1_arm_r1,s2_arm_r1
arm_r1_12,arm,Armenian (Eastern),Indo-European,Armenian,Eurasia,false,,1,12,բարբարոս,barbaros,barbarian,"Barbarian or savage. Condemns barbarous, cruel acts or their perpetrators.",everyday,current,high,valid,[],[],False,False,False,False,uncivilized savage or foreign barbarian,,,older_loanword,Greek,,It comes from Greek bárbaros and condemns cruelty as uncivilized savagery.,s1_arm_r1,s2_arm_r1
arm_r1_13,arm,Armenian (Eastern),Indo-European,Armenian,Eurasia,false,,1,13,սադիստ,sadist,sadist,Sadist: a person who enjoys inflicting cruelty.,everyday,current,high,valid,[],[],False,False,False,False,"eponymous reference to the Marquis de Sade, a psychopathological label",,,recent_loanword,Russian,,"This is an international eponymous term, borrowed via Russian (ultimately French), for a person who enjoys inflicting pain.",s1_arm_r1,s2_arm_r1
arm_r1_14,arm,Armenian (Eastern),Indo-European,Armenian,Eurasia,false,,1,14,վայրագ,vayrag,"savage, ferocious","Savage or ferocious, of brutal violence.",formal_or_literary,current,high,valid,[],[],False,False,False,False,"wildness, untamed savagery",,,native,,,It derives from vayr- 'wild' and depicts cruelty as wild ferocity without naming an animal.,s1_arm_r1,s2_arm_r1
arm_r1_15,arm,Armenian (Eastern),Indo-European,Armenian,Eurasia,false,,1,15,չարագործ,čʻaragorc,evil-doer,Evildoer or villain.,formal_or_literary,current,high,valid,[],[],False,False,False,False,,,,native,,,"It is a compound of čʻar 'evil' and gorc 'deed' meaning 'evildoer', a plain condemnation.",s1_arm_r1,s2_arm_r1
aym_r1_1,aym,Aymara (Central),Aymaran,Aymaran,South America,false,,1,1,jan wali,,not good,"Bad or wicked, said of a person or an act. It is general, but it is the commonest way to condemn wrongdoing (e.g. 'jan wali jaqi', a wicked person).",everyday,current,high,valid,[],[],False,False,False,False,,,,native,,,"A plain negation of 'good' (jani + wali) with no figurative basis; the negation applies to goodness, not humanity.",s1_aym_r1,s2_aym_r1
aym_r1_2,aym,Aymara (Central),Aymaran,Aymaran,South America,false,,1,2,ñanqha,,evil / wicked (also associated with the devil),Evil or perverse. Describes a person or deed as morally wicked.,everyday,current,medium,valid,[],[],False,False,False,False,,,,native,,"Ñanqha can also denote evil beings or the devil, so some uses may carry a supernatural sense; as an adjective it is primarily plain 'evil'.","A native adjective meaning evil or wicked, used as a direct moral condemnation rather than as a comparison.",s1_aym_r1,s2_aym_r1
aym_r1_3,aym,Aymara (Central),Aymaran,Aymaran,South America,false,,1,3,qhuru,,fierce / savage,"Cruel, ferocious or brutal, said of a person who acts savagely (e.g. 'qhuru jaqi', a cruel person).",everyday,current,medium,valid,[],[],False,False,False,False,,,,native,,"Qhuru is also used of wild or fierce animals and untamed things, so an animal-like sense of 'savage' may be implicit, but the expression does not name an animal.","A native adjective meaning fierce or cruel, applied directly to people with no explicit comparison.",s1_aym_r1,s2_aym_r1
aym_r1_4,aym,Aymara (Central),Aymaran,Aymaran,South America,false,,1,4,saxra,,evil spirit / malignant being,Malignant or diabolical. Applied to a person whose behaviour is seen as demonically wicked.,slang_or_insult,current,medium,valid,[],[],False,False,True,False,,,,native,,,"Saxra names a malignant spirit or devil, so applying it to a person likens them to a supernatural evil being.",s1_aym_r1,s2_aym_r1
aym_r1_5,aym,Aymara (Central),Aymaran,Aymaran,South America,false,,1,5,supaya,,devil,Devil. Used as a condemnation of a person who acts with extreme wickedness.,slang_or_insult,current,low,valid,[],[],False,False,True,False,,,,older_loanword,Quechua,"Supaya (from Quechua supay) originally meant a spirit or shade, and its sense of 'devil' arose under colonial Christianity.",Calling a person 'devil' compares them to a supernatural being; the word was borrowed from Quechua in the colonial period or earlier.,s1_aym_r1,s2_aym_r1
aym_r1_6,aym,Aymara (Central),Aymaran,Aymaran,South America,false,,1,6,jan khuyapayasiri,,not one-who-has-pity,Merciless or pitiless. Describes someone who inflicts suffering without compassion.,everyday,current,low,valid,[],[],False,False,False,False,,,,native,,,"It negates pity or compassion ('merciless'), not humanity, so it is a plain condemnation with no figurative basis.",s1_aym_r1,s2_aym_r1
bam_r1_1,bam,Bambara,Mande,Western Mande,Africa,false,,1,1,jugu,,bad / wicked,"Wicked, malicious or cruel. Used predicatively (a ka jugu 'he/she is wicked') or after a noun (mɔgɔ jugu 'wicked person'). As a noun it also means 'enemy'.",everyday,current,high,valid,[],[],False,False,False,False,,,,native,,,"Basic native adjective/verb 'bad, wicked' used as a plain condemnation with no figurative basis.",s1_bam_r1,s2_bam_r1
bam_r1_2,bam,Bambara,Mande,Western Mande,Africa,false,,1,2,mɔgɔ jugu,,person bad,"A wicked, evil person.",everyday,current,high,valid,[],[],False,False,False,False,,,,native,,,"'Bad person' contains the word for person but does not negate it, so it is a plain condemnation.",s1_bam_r1,s2_bam_r1
bam_r1_3,bam,Bambara,Mande,Western Mande,Africa,false,,1,3,kojugu,,thing/matter bad,"An evil deed, a crime or atrocity.",everyday,current,high,valid,[],[],False,False,False,False,,,,native,,,"Native compound 'bad matter' meaning an evil deed, with no figurative basis.",s1_bam_r1,s2_bam_r1
bam_r1_4,bam,Bambara,Mande,Western Mande,Africa,false,,1,4,kojugukɛla,,bad-thing-doer,"Evildoer, criminal, someone who commits wicked acts.",everyday,current,medium,valid,[],[],False,False,False,False,,,,native,,,"Native agentive derivation 'doer of bad things', a literal description of an evildoer.",s1_bam_r1,s2_bam_r1
bam_r1_5,bam,Bambara,Mande,Western Mande,Africa,false,,1,5,juguya,,bad-ness,"Wickedness, malice or cruelty as a trait or act.",everyday,current,high,valid,[],[],False,False,False,False,,,,native,,,"Abstract noun from jugu with -ya, a plain term for wickedness.",s1_bam_r1,s2_bam_r1
bam_r1_6,bam,Bambara,Mande,Western Mande,Africa,false,,1,6,hinɛbali,,pity-without (privative),"Merciless, pitiless, cruel. The derived noun hinɛbaliya means 'cruelty'.",everyday,current,medium,valid,[],[],False,False,False,False,,,,native,,,"Privative 'without pity' negates compassion, not humanity, so it is a plain condemnation.",s1_bam_r1,s2_bam_r1
bam_r1_7,bam,Bambara,Mande,Western Mande,Africa,false,,1,7,dusukun jugu,,heart bad,"Bad-hearted, malicious and evil-minded (e.g. a ka dusukun ka jugu 'his heart is wicked').",everyday,current,medium,valid,[],[],False,False,False,False,heart as seat of character: a bad heart,,,native,,,"Uses the heart metonymically as the seat of moral disposition, described as bad.",s1_bam_r1,s2_bam_r1
bam_r1_8,bam,Bambara,Mande,Western Mande,Africa,false,,1,8,sitanɛ,,Satan / devil,Calling someone a devil to condemn them as wicked or diabolically cruel.,slang_or_insult,current,medium,valid,[],[],False,False,True,False,,,,older_loanword,Arabic,,Calling someone Satan/a devil compares them to a supernatural evil being; the word comes from Arabic shayṭān via Islam.,s1_bam_r1,s2_bam_r1
bam_r1_9,bam,Bambara,Mande,Western Mande,Africa,false,,1,9,maaya t'a la,,humanity is-not him in,"He/she has no humanity, i.e. is inhumanly cruel.",everyday,current,low,valid,[],[],True,False,False,False,,literal,transparent,native,,,Explicitly states that maaya 'humanity' (from maa 'person' + -ya) is absent in the person.,s1_bam_r1,s2_bam_r1
bam_r1_10,bam,Bambara,Mande,Western Mande,Africa,false,,1,10,subaga,,witch / sorcerer (soul-eater),"Witch, used as an accusation or insult for someone malevolent who harms others.",slang_or_insult,current,low,valid,[],[],False,False,True,False,,,,native,,"A subaga is a human with occult soul-eating powers rather than a non-human spirit, so the supernatural comparison is partial.",Accusing someone of being a witch/soul-eater invokes occult supernatural malevolence.,s1_bam_r1,s2_bam_r1
bam_r1_11,bam,Bambara,Mande,Western Mande,Africa,false,,1,11,jahanamaden,,hell-child,"Child of hell, used as an insult for a thoroughly wicked person.",slang_or_insult,current,low,valid,[],[],False,False,False,False,offspring/belonging of hell (damnation),,,native,,Formed in Bambara from the Arabic loan jahanama 'hell' + den 'child'.,"Calls the person a child of hell, a religious figure of damnation rather than a comparison to a being.",s1_bam_r1,s2_bam_r1
bsq_r1_1,bsq,Basque,Basque,Basque,Eurasia,false,,1,1,gaizto,,"bad, wicked","Wicked, evil, malicious. Used of a person or an act; the general word for moral badness.",everyday,current,high,valid,[],[],False,False,False,False,,,,native,,,"The general native adjective for moral badness, related to gaitz 'bad, evil', with no figurative basis.",s1_bsq_r1,s2_bsq_r1
bsq_r1_2,bsq,Basque,Basque,Basque,Eurasia,false,,1,2,krudel,,cruel (Romance loan),Cruel. Said of a person or an act that causes suffering without pity.,everyday,current,high,valid,[],[],False,False,False,False,,,,older_loanword,"Latin/Romance (crudelis, Spanish cruel)",,"A plain condemnation borrowed from Romance, ultimately Latin crudelis, with no figurative basis in Basque.",s1_bsq_r1,s2_bsq_r1
bsq_r1_3,bsq,Basque,Basque,Basque,Eurasia,false,,1,3,bihozgabe (bihotz gabe),,heart-without,"Heartless, without compassion. Used to condemn someone who acts cruelly.",everyday,current,high,valid,[],[],False,False,False,False,"lacking a heart, the seat of compassion",,,native,,,"Formed from bihotz 'heart' and gabe 'without', it is a figurative privation of the heart as the seat of feeling, not a denial of humanity.",s1_bsq_r1,s2_bsq_r1
bsq_r1_4,bsq,Basque,Basque,Basque,Eurasia,false,,1,4,basati,,"wild, savage (from basa 'wild')","Savage, brutal, barbaric. Used of atrocious acts or of the people who commit them.",everyday,current,high,valid,[],[],False,False,False,False,"wildness, untamed or uncivilized state",,,native,,,"Built on basa 'wild, of the wilderness', it depicts the person as untamed or savage rather than comparing them to a specific animal.",s1_bsq_r1,s2_bsq_r1
bsq_r1_5,bsq,Basque,Basque,Basque,Eurasia,false,,1,5,zital,,"vile, base","Vile, mean, despicable. Condemns a nasty or wicked person or deed.",everyday,current,high,valid,[],[],False,False,False,False,,,,unknown,,,"A plain adjective meaning 'vile, mean' of uncertain etymology, with no transparent figurative basis.",s1_bsq_r1,s2_bsq_r1
bsq_r1_6,bsq,Basque,Basque,Basque,Eurasia,false,,1,6,piztia,,"beast, wild animal","A beast or monster, said of a person who has acted with extreme cruelty.",slang_or_insult,current,high,valid,[],[],False,True,False,False,,,,older_loanword,Latin (bestia),,"It calls the cruel person a beast, a direct animal comparison, and the word is an old loan from Latin bestia.",s1_bsq_r1,s2_bsq_r1
bsq_r1_7,bsq,Basque,Basque,Basque,Eurasia,false,,1,7,anker,,"cruel, ruthless","Cruel, ruthless, pitiless. The native Basque term for cruelty.",formal_or_literary,current,high,valid,[],[],False,False,False,False,,,,native,,Etymology is not fully established.,"The basic Basque adjective for cruelty, with no figurative component.",s1_bsq_r1,s2_bsq_r1
bsq_r1_8,bsq,Basque,Basque,Basque,Eurasia,false,,1,8,doilor,,"vile, cowardly","Despicable, base, cowardly. Often used of contemptible acts, such as attacking the defenceless.",everyday,current,high,valid,[],[],False,False,False,False,,,,unknown,,,"A plain term of contempt for base or cowardly behaviour, of obscure etymology.",s1_bsq_r1,s2_bsq_r1
bsq_r1_9,bsq,Basque,Basque,Basque,Eurasia,false,,1,9,ankerkeria,,cruel-act/quality (anker + -keria),"Cruelty, or a cruel act or atrocity.",formal_or_literary,current,high,valid,[],[],False,False,False,False,,,,native,,,A native derivative of anker 'cruel' with the suffix -keria; it is a plain condemnation.,s1_bsq_r1,s2_bsq_r1
bsq_r1_10,bsq,Basque,Basque,Basque,Eurasia,false,,1,10,basakeria,,wild-act (basa + -keria),"Savagery, barbarity; an atrocious or brutal act.",everyday,current,high,valid,[],[],False,False,False,False,"wildness, untamed or uncivilized state",,,native,,,"Formed from basa 'wild' and -keria, it frames the act as savage or untamed without naming an animal.",s1_bsq_r1,s2_bsq_r1
bsq_r1_11,bsq,Basque,Basque,Basque,Eurasia,false,,1,11,gaiztakeria,,wicked-act (gaizto + -keria),"Wickedness, or a malicious or evil deed.",everyday,current,high,valid,[],[],False,False,False,False,,,,native,,,A native derivative of gaizto 'wicked'; it is a plain moral condemnation.,s1_bsq_r1,s2_bsq_r1
bsq_r1_12,bsq,Basque,Basque,Basque,Eurasia,false,,1,12,gupidagabe,,pity-without,"Merciless, pitiless.",formal_or_literary,current,high,valid,[],[],False,False,False,False,,,,native,,,"It means 'without pity'; negating pity is a literal privation, not a denial of humanity or a figure.",s1_bsq_r1,s2_bsq_r1
bsq_r1_13,bsq,Basque,Basque,Basque,Eurasia,false,,1,13,errukigabe,,compassion-without,"Pitiless, merciless, without compassion.",formal_or_literary,current,high,valid,[],[],False,False,False,False,,,,native,,,"It means 'without compassion', a literal privation of compassion with no figurative basis.",s1_bsq_r1,s2_bsq_r1
bsq_r1_14,bsq,Basque,Basque,Basque,Eurasia,false,,1,14,deabru,,devil,"Devil, said of an extremely wicked person.",slang_or_insult,current,medium,valid,[],[],False,False,True,False,,,,older_loanword,Latin (diabolus),,"It calls the person a devil, a supernatural comparison, and the word is an old loan from Latin diabolus.",s1_bsq_r1,s2_bsq_r1
bsq_r1_15,bsq,Basque,Basque,Basque,Eurasia,false,,1,15,maltzur,,"sly, malicious","Malicious, treacherous, sly. Implies wicked intent, more cunning than brutal.",everyday,current,medium,valid,[],[],False,False,False,False,,,,unknown,,Primarily denotes slyness or malice rather than extreme cruelty.,"A plain adjective for malicious cunning, of uncertain etymology, with no figurative basis.",s1_bsq_r1,s2_bsq_r1
brm_r1_1,brm,Burmese,Sino-Tibetan,Burmese-Lolo,Eurasia,false,,1,1,ရက်စက်,yet-set,cruel,Cruel or merciless. It is the default word for condemning a cruel act or person. It is often used as an exclamation: ရက်စက်လိုက်တာ 'how cruel!',everyday,current,high,valid,[],[],False,False,False,False,,,,native,,,Plain native verb meaning 'cruel' with no figurative basis.,s1_brm_r1,s2_brm_r1
brm_r1_2,brm,Burmese,Sino-Tibetan,Burmese-Lolo,Eurasia,false,,1,2,လူမဆန်,lu ma hsan,person NEG be-like/befit,"Inhuman. Used of an act or person beyond human decency, as in လူမဆန်တဲ့ လုပ်ရပ် 'an inhuman deed'.",everyday,current,high,valid,[],[],True,False,False,False,,literal,transparent,native,,,"It contains လူ 'person' and the negation မ with ဆန် 'be like/befit', so it explicitly says the act or person is not like a human.",s1_brm_r1,s2_brm_r1
brm_r1_3,brm,Burmese,Sino-Tibetan,Burmese-Lolo,Eurasia,false,,1,3,ယုတ်မာ,youk-ma,base/low + vile,"Vile, wicked, despicable. Used of a morally depraved act or person. It is often an exclamation: ယုတ်မာလိုက်တာ 'how vile!'",everyday,current,high,valid,[],[],False,False,False,False,,,,native,,,"Plain native compound meaning 'base, vile', with no non-literal comparison.",s1_brm_r1,s2_brm_r1
brm_r1_4,brm,Burmese,Sino-Tibetan,Burmese-Lolo,Eurasia,false,,1,4,လူယုတ်မာ,lu youk-ma,person vile,"A villain or wicked person, the person who did the despicable act.",everyday,current,high,valid,[],[],False,False,False,False,,,,native,,,"It means 'vile person'; it contains 'person' but nothing negates it, so it is a plain condemnation.",s1_brm_r1,s2_brm_r1
brm_r1_5,brm,Burmese,Sino-Tibetan,Burmese-Lolo,Eurasia,false,,1,5,ကြမ်းကြုတ်,kyan-kyout,rough/harsh + fierce,"Brutal, savage, ferocious. Used of violent treatment.",everyday,current,high,valid,[],[],False,False,False,False,,,,native,,,"Plain native compound meaning 'harsh and fierce', describing brutality directly.",s1_brm_r1,s2_brm_r1
brm_r1_6,brm,Burmese,Sino-Tibetan,Burmese-Lolo,Eurasia,false,,1,6,ရက်ရက်စက်စက်,yet-yet-set-set,cruel (reduplicated),"Cruelly or mercilessly. An adverb describing how an act was done, e.g. a brutal killing.",everyday,current,high,valid,[],[],False,False,False,False,,,,native,,,Reduplicated adverbial form of the plain word for 'cruel'.,s1_brm_r1,s2_brm_r1
brm_r1_7,brm,Burmese,Sino-Tibetan,Burmese-Lolo,Eurasia,false,,1,7,တိရစ္ဆာန်,tei-yet-hsan,animal/beast,Beast or animal. Used as an insult for someone who acts with brutal or inhuman wickedness.,slang_or_insult,current,high,valid,[],[],False,True,False,False,,,,older_loanword,Pali,,It calls the person a beast; the word is borrowed from Pali tiracchāna 'animal'.,s1_brm_r1,s2_brm_r1
brm_r1_8,brm,Burmese,Sino-Tibetan,Burmese-Lolo,Eurasia,false,,1,8,ဘီလူး,bi-lu,ogre,Ogre or demon. Applied to a person who is monstrously cruel.,slang_or_insult,current,medium,valid,[],[],False,False,True,False,,,,native,,The etymology of ဘီလူး is not certain.,"It compares the cruel person to an ogre or demon, which is a supernatural being.",s1_brm_r1,s2_brm_r1
brm_r1_9,brm,Burmese,Sino-Tibetan,Burmese-Lolo,Eurasia,false,,1,9,ငရဲကြီးမယ်,nga-ye kyi: me,hell big FUT,'(You'll) go to great hell'. Said to condemn a deed as so sinful or cruel that it earns hellish karmic retribution.,everyday,current,medium,valid,[],[],False,False,False,False,karmic retribution: the deed is condemned as earning punishment in hell,,,native,,,"It condemns the act by invoking Buddhist hell as retribution rather than by comparing the doer to any being; the phrase is native, though ငရဲ ultimately comes from Indic.",s1_brm_r1,s2_brm_r1
brm_r1_10,brm,Burmese,Sino-Tibetan,Burmese-Lolo,Eurasia,false,,1,10,ဆိုးညစ်,hso:-nyit,bad + dirty/corrupt,Evil or wicked. Used of a person or deed.,formal_or_literary,current,medium,valid,[],[],False,False,False,False,,,,native,,,"Plain native compound meaning 'bad and corrupt', with no figurative comparison.",s1_brm_r1,s2_brm_r1
brm_r1_11,brm,Burmese,Sino-Tibetan,Burmese-Lolo,Eurasia,false,,1,11,ယုတ်ညံ့,youk-nyan.,base + inferior,"Base, mean, contemptible. Used of morally low conduct.",formal_or_literary,current,medium,valid,[],[],False,False,False,False,,,,native,,,"Plain native compound meaning 'base and inferior', with no figurative comparison.",s1_brm_r1,s2_brm_r1
brm_r1_12,brm,Burmese,Sino-Tibetan,Burmese-Lolo,Eurasia,false,,1,12,စက်ဆုပ်ရွံရှာဖွယ်,set-hsout ywun-sha-hpwe,loathe + abhor + worthy-of,Abhorrent or disgusting. Used of an atrocity or heinous act.,formal_or_literary,current,medium,valid,[],[],False,False,False,False,,,,native,,,"It condemns the act directly as worthy of loathing, without comparing it to anything.",s1_brm_r1,s2_brm_r1
brm_r1_13,brm,Burmese,Sino-Tibetan,Burmese-Lolo,Eurasia,false,,1,13,ကြမ်းကြုတ်ရက်စက်,kyan-kyout yet-set,brutal + cruel,Brutal and cruel. A compound frequent in news and statements condemning atrocities.,formal_or_literary,current,medium,valid,[],[],False,False,False,False,,,,native,,,"It combines two plain words, 'brutal' and 'cruel', with no figurative basis.",s1_brm_r1,s2_brm_r1
brm_r1_14,brm,Burmese,Sino-Tibetan,Burmese-Lolo,Eurasia,false,,1,14,လူဆိုး,lu-hso:,person bad,"A bad or wicked person, a criminal or villain.",everyday,current,high,valid,[],[],False,False,False,False,,,,native,,,"It means 'bad person'; it contains 'person' but nothing negates it, so it is a plain condemnation.",s1_brm_r1,s2_brm_r1
cha_r1_1,cha,Chamorro,Austronesian,Chamorro,Papunesia,false,,1,1,baba,,bad,"Bad, evil, wicked. The general word for a morally bad act or person.",everyday,current,high,valid,[],[],False,False,False,False,,,,native,,,"Basic native adjective meaning 'bad', used as a plain moral condemnation with no figurative basis.",s1_cha_r1,s2_cha_r1
cha_r1_2,cha,Chamorro,Austronesian,Chamorro,Papunesia,false,,1,2,mampos baba,,too-much bad,Extremely bad or wicked. Used to condemn an especially evil act or person.,everyday,current,medium,valid,[],[],False,False,False,False,,,,native,,,"An intensifier plus 'bad' gives a plain, non-figurative condemnation.",s1_cha_r1,s2_cha_r1
cha_r1_3,cha,Chamorro,Austronesian,Chamorro,Papunesia,false,,1,3,taiase',,without-mercy,"Merciless, pitiless, cruel.",everyday,current,medium,valid,[],[],False,False,False,False,,,,native,,,"Privative tai- plus ase' 'mercy' negates mercy, not humanity, so it is a plain condemnation.",s1_cha_r1,s2_cha_r1
cha_r1_4,cha,Chamorro,Austronesian,Chamorro,Papunesia,false,,1,4,tailayi,,without-worth (tai- 'without'),"Wicked, evil, worthless (of a person or deed).",everyday,current,medium,valid,[],[],False,False,False,False,,,,native,,"The 'without-worth' gloss is uncertain; the second element may instead reflect Spanish ley 'law' ('lawless'), but the word is formed with the native privative tai-.","Privative tai- plus a noun for worth or value is a plain condemnation with no reference to humanity, animals or the supernatural.",s1_cha_r1,s2_cha_r1
cha_r1_5,cha,Chamorro,Austronesian,Chamorro,Papunesia,false,,1,5,taiguinaiya,,without-love,"Loveless, heartless, unkind; used of someone who treats others cruelly.",everyday,current,medium,valid,[],[],False,False,False,False,,,,native,,,"Privative tai- plus guinaiya 'love' negates love rather than humanity, so it is a plain condemnation.",s1_cha_r1,s2_cha_r1
cha_r1_6,cha,Chamorro,Austronesian,Chamorro,Papunesia,false,,1,6,kruet,,cruel (from Spanish cruel),Cruel.,everyday,current,medium,valid,[],[],False,False,False,False,,,,older_loanword,Spanish,,A Spanish-era loan of 'cruel' that serves as a plain descriptive condemnation.,s1_cha_r1,s2_cha_r1
cha_r1_7,cha,Chamorro,Austronesian,Chamorro,Papunesia,false,,1,7,diablo,,devil (from Spanish),Devil. Applied to a person as a wicked or evil one.,slang_or_insult,current,medium,valid,[],[],False,False,True,False,,,,older_loanword,Spanish,,Calling a person 'devil' compares them to a supernatural evil being.,s1_cha_r1,s2_cha_r1
cha_r1_8,cha,Chamorro,Austronesian,Chamorro,Papunesia,false,,1,8,malisiosu,,malicious (from Spanish malicioso),"Malicious, ill-intentioned.",everyday,current,low,valid,[],[],False,False,False,False,,,,older_loanword,Spanish,,A Spanish loan meaning 'malicious' that serves as a plain condemnation of ill intent.,s1_cha_r1,s2_cha_r1
cha_r1_9,cha,Chamorro,Austronesian,Chamorro,Papunesia,false,,1,9,bestia,,beast (from Spanish),"Beast, brute. An insult for a person who acts savagely or cruelly.",slang_or_insult,current,low,valid,[],[],False,False,False,False,,,,older_loanword,Spanish,,"Calling a person 'beast' compares them to an animal, but no word for 'human' is negated.",s1_cha_r1,s2_cha_r1
cre_r1_1,cre,Cree (Plains),Algic,Algonquian,North America,false,,1,1,macâyiwiw,,bad/evil-be (s/he),"s/he is evil, wicked",everyday,current,medium,valid,[],[],False,False,False,False,,,,native,,,"A stative verb built on the root mac-/mây- 'bad, evil' that plainly says the person is evil, with no figurative basis.",s1_cre_r1,s2_cre_r1
cre_r1_2,cre,Cree (Plains),Algic,Algonquian,North America,false,,1,2,macihtwâw,,evil-disposition (s/he has),"s/he is mean, wicked, malicious by nature",everyday,current,medium,valid,[],[],False,False,False,False,,,,native,,,"Combines maci- 'evil' with a disposition element to describe a malicious character, a plain condemnation with no figurative basis.",s1_cre_r1,s2_cre_r1
cre_r1_3,cre,Cree (Plains),Algic,Algonquian,North America,false,,1,3,kitimahêw,,pitiful-make-him/her (s/he),"s/he mistreats someone, is cruel to someone",everyday,current,high,valid,[],[],False,False,False,False,,,,native,,,"A causative of kitim- 'pitiful, poor' that literally describes reducing someone to a pitiful state, with no figurative comparison.",s1_cre_r1,s2_cre_r1
cre_r1_4,cre,Cree (Plains),Algic,Algonquian,North America,false,,1,4,kitimahiwêw,,pitiful-make-people (s/he),"s/he is cruel to people, mistreats others",everyday,current,medium,valid,[],[],False,False,False,False,,,,native,,,"The general-object form of kitimahêw, describing mistreatment of people without any figurative basis.",s1_cre_r1,s2_cre_r1
cre_r1_5,cre,Cree (Plains),Algic,Algonquian,North America,false,,1,5,kakwâtakihêw,,suffering-cause-him/her (s/he),"s/he torments someone, makes someone suffer",everyday,current,high,valid,[],[],False,False,False,False,,,,native,,,"A causative of kakwâtak- 'suffering' that literally means making someone suffer, with no figurative element.",s1_cre_r1,s2_cre_r1
cre_r1_6,cre,Cree (Plains),Algic,Algonquian,North America,false,,1,6,kakwâtakihiwêw,,suffering-cause-people (s/he),"s/he torments people, is a tormentor",everyday,current,medium,valid,[],[],False,False,False,False,,,,native,,,"The general-object form of kakwâtakihêw, a literal description of tormenting people.",s1_cre_r1,s2_cre_r1
cre_r1_7,cre,Cree (Plains),Algic,Algonquian,North America,false,,1,7,maci-ayisiyiniw,,evil-person,an evil or wicked person,everyday,current,medium,valid,[],[],False,False,False,False,,,,native,,,"Contains ayisiyiniw 'person' but does not negate it; it simply calls someone an evil person, so it is a plain condemnation.",s1_cre_r1,s2_cre_r1
cre_r1_8,cre,Cree (Plains),Algic,Algonquian,North America,false,,1,8,mâyitôtam,,bad-does (s/he),"s/he does evil, commits a wrong or wicked deed",everyday,current,medium,valid,[],[],False,False,False,False,,,,native,,,"Combines mây- 'bad' with -tôt- 'do', literally 'does bad', with no figurative basis.",s1_cre_r1,s2_cre_r1
cre_r1_9,cre,Cree (Plains),Algic,Algonquian,North America,false,,1,9,maci-manitow,,evil-spirit,"devil, evil spirit; applied to someone considered utterly wicked",everyday,current,medium,valid,[],[],False,False,True,False,,,,native,,"Its sense of 'devil' is shaped by Christian missionary usage, and applying it as an epithet to a person may be less conventional than it is as a name for the being itself.","Applying the term to a person likens them to an evil spirit or devil, which is a supernatural comparison.",s1_cre_r1,s2_cre_r1
cre_r1_10,cre,Cree (Plains),Algic,Algonquian,North America,false,,1,10,pâstâhow,,transgress (s/he),s/he commits a grave transgression or sin that brings retribution,formal_or_literary,current,medium,valid,[],[],False,False,False,False,"transgression of a sacred or cosmic order, which brings spiritual retribution",,,native,,"It is often glossed as breaking natural or sacred law, so an against_nature reading is arguable.","It frames the wicked act as overstepping a sacred or moral boundary that invites retribution, not as a comparison with a being.",s1_cre_r1,s2_cre_r1
eng_r1_1,eng,English,Indo-European,Germanic,Eurasia,true,known_language,1,1,evil,,evil,"Profoundly morally wrong or wicked. Used of acts and people, often as 'pure evil'.",everyday,current,high,valid,[],[],False,False,False,False,,,,native,,,"Inherited from Old English yfel, it is a plain moral condemnation with no figurative basis.",s1_eng_r1,s2_eng_r1
eng_r1_2,eng,English,Indo-European,Germanic,Eurasia,true,known_language,1,2,monster,,monster,"A person who has done something shockingly cruel, regarded as less than human.",everyday,current,high,valid,[],[],False,False,True,False,,,,older_loanword,French,,"It compares the person to a monster, a supernatural or prodigious being, but contains no explicit word for 'human' with a negation, so it does not count as denying humanity (borrowed from Old French monstre, from Latin monstrum).",s1_eng_r1,s2_eng_r1
eng_r1_3,eng,English,Indo-European,Germanic,Eurasia,true,known_language,1,3,sick,,ill,"Morally perverted or depraved, as in 'that's sick' or 'he's sick'. Said of disturbing cruelty.",everyday,current,high,valid,[],[],False,False,False,False,illness metaphor: moral depravity as mental or physical sickness,,,native,,,"It presents cruelty as a kind of disease or disorder, from Old English sēoc 'ill'.",s1_eng_r1,s2_eng_r1
eng_r1_4,eng,English,Indo-European,Germanic,Eurasia,true,known_language,1,4,cruel,,cruel,Deliberately causing pain or suffering to others.,everyday,current,high,valid,[],[],False,False,False,False,,,,older_loanword,French,,"It is a plain descriptive term, from Old French cruel and Latin crudelis (related to crudus 'raw'), and has no figurative sense today.",s1_eng_r1,s2_eng_r1
eng_r1_5,eng,English,Indo-European,Germanic,Eurasia,true,known_language,1,5,wicked,,wicked,Morally very bad or evil. In everyday speech it is somewhat old-fashioned or emphatic in this sense.,everyday,current,high,valid,[],[],False,False,False,False,etymologically linked to witchcraft (Old English wicca 'wizard'),,,native,,,"It is a plain condemnation today, though it probably derives from Old English wicca 'wizard', a human practitioner of sorcery rather than a supernatural being.",s1_eng_r1,s2_eng_r1
eng_r1_6,eng,English,Indo-European,Germanic,Eurasia,true,known_language,1,6,heartless,,heart-less,Completely lacking compassion or pity.,everyday,current,high,valid,[],[],False,False,False,False,"lacking a heart, the seat of compassion",,,native,,,"It negates the heart as the metaphorical organ of feeling, not humanity itself.",s1_eng_r1,s2_eng_r1
eng_r1_7,eng,English,Indo-European,Germanic,Eurasia,true,known_language,1,7,sick bastard,,ill illegitimate-child,A person who has committed a depraved or sadistic act.,slang_or_insult,current,high,valid,[],[],False,False,False,False,illness metaphor combined with an insult based on illegitimate birth,,,native,,,"It is an English-formed insult that pairs 'sick' (depravity as illness) with 'bastard', which was borrowed long ago from Old French.",s1_eng_r1,s2_eng_r1
eng_r1_8,eng,English,Indo-European,Germanic,Eurasia,true,known_language,1,8,vile,,vile,Extremely unpleasant and morally despicable.,everyday,current,high,valid,[],[],False,False,False,False,"etymologically 'cheap, worthless' (Latin vilis)",,,older_loanword,French,,"It is a plain condemnation today, borrowed from Old French vil, whose Latin source meant 'of low value'.",s1_eng_r1,s2_eng_r1
eng_r1_9,eng,English,Indo-European,Germanic,Eurasia,true,known_language,1,9,barbaric,,barbarian-like,"Savagely cruel and brutal, as if uncivilised.",everyday,current,high,valid,[],[],False,False,False,False,comparison to uncivilised foreign peoples (barbarians),,,older_loanword,Latin,,"It likens the cruelty to the supposed savagery of barbarians, a word that goes back to Greek barbaros 'foreigner' and reached English through Latin.",s1_eng_r1,s2_eng_r1
eng_r1_10,eng,English,Indo-European,Germanic,Eurasia,true,known_language,1,10,inhuman,,not-human,So cruel as to lack normal human feeling.,everyday,current,high,valid,[],[],True,False,False,False,,literal,transparent,older_loanword,Latin,,"Its visible parts are 'in-' (not) plus 'human', borrowed from Latin inhumanus, so it explicitly denies humanity.",s1_eng_r1,s2_eng_r1
eng_r1_11,eng,English,Indo-European,Germanic,Eurasia,true,known_language,1,11,sadistic,,Sade-like,Taking pleasure in inflicting pain or suffering.,everyday,current,high,valid,[],[],False,False,False,False,eponym: likened to the Marquis de Sade,,,older_loanword,French,"The word dates from the 1890s, borderline relative to the 1900 cutoff.","It derives from French sadisme, named after the Marquis de Sade, and so compares the person to a notorious historical figure.",s1_eng_r1,s2_eng_r1
eng_r1_12,eng,English,Indo-European,Germanic,Eurasia,true,known_language,1,12,animal,,animal,"A person who has acted with brutal, savage cruelty, as in 'they're animals'.",slang_or_insult,current,high,valid,[],[],False,True,False,False,,,,older_loanword,Latin,,"It directly compares the person to a beast, using a word borrowed from Latin animal.",s1_eng_r1,s2_eng_r1
eng_r1_13,eng,English,Indo-European,Germanic,Eurasia,true,known_language,1,13,monstrous,,monster-like,Shockingly cruel or wicked.,everyday,current,high,valid,[],[],False,False,True,False,,,,older_loanword,French,,"It is an adjective meaning 'like a monster', borrowed from Old French monstrueux and Latin monstruosus.",s1_eng_r1,s2_eng_r1
eng_r1_14,eng,English,Indo-European,Germanic,Eurasia,true,known_language,1,14,nasty piece of work,,nasty piece of work,"A spiteful, cruel or malicious person.",everyday,current,high,valid,[],[],False,False,False,False,person as a crafted object or product,,,native,,,It is an English idiom that describes the person as a badly made 'piece of work'.,s1_eng_r1,s2_eng_r1
eng_r1_15,eng,English,Indo-European,Germanic,Eurasia,true,known_language,1,15,heinous,,hateful,"Utterly odious or wicked, typically of a crime. Common in news and legal language.",formal_or_literary,current,high,valid,[],[],False,False,False,False,,,,older_loanword,French,,It is a plain condemnation borrowed from Old French haineus 'hateful'.,s1_eng_r1,s2_eng_r1
ewe_r1_1,ewe,Ewe,Niger-Congo,Gbe,Africa,false,,1,1,vɔ̃ɖi,,evil/bad,"Wicked or evil, said of a person or deed.",everyday,current,high,valid,[],[],False,False,False,False,,,,native,,,"A plain native adjective meaning bad or evil, with no figurative basis.",s1_ewe_r1,s2_ewe_r1
ewe_r1_2,ewe,Ewe,Niger-Congo,Gbe,Africa,false,,1,2,ame vɔ̃ɖi,,person evil,A wicked or cruel person.,everyday,current,high,valid,[],[],False,False,False,False,,,,native,,,The phrase means 'evil person'; it affirms personhood rather than denying it and is a plain condemnation.,s1_ewe_r1,s2_ewe_r1
ewe_r1_3,ewe,Ewe,Niger-Congo,Gbe,Africa,false,,1,3,nu vɔ̃,,thing evil,An evil deed or sin. Used to condemn an act as wicked.,everyday,current,high,valid,[],[],False,False,False,False,,,,native,,Usually written nuvɔ̃ and chiefly meaning 'sin'.,"The phrase means 'bad thing' or 'sin', a plain evaluative term with no figurative basis.",s1_ewe_r1,s2_ewe_r1
ewe_r1_4,ewe,Ewe,Niger-Congo,Gbe,Africa,false,,1,4,ŋutasesẽ,,body/force-hardness,"Violence or brutality. Used of cruel, violent acts.",everyday,current,medium,valid,[],[],False,False,False,False,hardness/force of the body as violence,,,native,,Standard form is usually ŋutasẽ; the analysis as 'body-hardness' is approximate.,"The compound describes violence through bodily force or hardness, a mild physical metaphor with no dehumanisation.",s1_ewe_r1,s2_ewe_r1
ewe_r1_5,ewe,Ewe,Niger-Congo,Gbe,Africa,false,,1,5,busu,,taboo/abomination,"An abomination. A deed so wicked it violates sacred norms, as in 'enye busu' ('it is an abomination').",everyday,current,medium,valid,[],[],False,False,False,False,violation of sacred taboo,,,native,,,"The term condemns the deed as a breach of religious or ancestral taboo, which is sacred prohibition rather than nature.",s1_ewe_r1,s2_ewe_r1
ewe_r1_6,ewe,Ewe,Niger-Congo,Gbe,Africa,false,,1,6,ŋunyɔnu,,body-rot-thing (disgusting thing),"A detestable or abominable thing. A shocking, repulsive deed.",everyday,current,medium,valid,[],[],False,False,False,False,disgust/revulsion,,,native,,,"The word frames the deed as a disgusting, repulsive thing, a metaphor of physical revulsion.",s1_ewe_r1,s2_ewe_r1
ewe_r1_7,ewe,Ewe,Niger-Congo,Gbe,Africa,false,,1,7,nublanuimakpɔmakpɔ,,pity-not-seeing,Mercilessness or pitilessness. Cruelty without compassion.,formal_or_literary,current,medium,valid,[],[],False,False,False,False,,,,native,,,"The word negates pity ('not seeing pity', i.e. merciless), which does not count as a denial of humanity and is otherwise non-figurative.",s1_ewe_r1,s2_ewe_r1
ewe_r1_8,ewe,Ewe,Niger-Congo,Gbe,Africa,false,,1,8,dzi sesẽ,,heart hard,"Hard-heartedness, callousness. Can also mean stubbornness.",everyday,current,medium,valid,[],[],False,False,False,False,hard heart,,,native,,,The phrase uses the metaphor of a hard heart for callousness.,s1_ewe_r1,s2_ewe_r1
ewe_r1_9,ewe,Ewe,Niger-Congo,Gbe,Africa,false,,1,9,abosam,,devil (from Akan),Devil. Used as an insult for an extremely wicked person.,slang_or_insult,current,medium,valid,[],[],False,False,True,False,,,,older_loanword,Akan (Twi),The borrowing date from Akan is uncertain.,"The term calls the person a devil, a supernatural being, and was borrowed from Akan abonsam.",s1_ewe_r1,s2_ewe_r1
ewe_r1_10,ewe,Ewe,Niger-Congo,Gbe,Africa,false,,1,10,adzetɔ,,witch-person,Witch. Used insultingly for someone thought maliciously evil.,slang_or_insult,current,medium,valid,[],[],False,False,True,False,,,,native,,,"The term likens the person to a witch (adze), a malevolent supernatural figure.",s1_ewe_r1,s2_ewe_r1
ewe_r1_11,ewe,Ewe,Niger-Congo,Gbe,Africa,false,,1,11,amewula,,person-kill-er,Murderer. Used to condemn someone as a killer or brutally cruel.,everyday,current,high,valid,[],[],False,False,False,False,,,,native,,,"A literal agent noun meaning 'person-killer' (murderer): 'ame' names the victim and is not negated, so there is no figurative basis.",s1_ewe_r1,s2_ewe_r1
fij_r1_1,fij,Fijian,Austronesian,Oceanic,Papunesia,false,,1,1,ca,,bad,"Bad, evil, wicked. The basic word, applied to acts and people. Intensified as 'ca sara' (very bad) or 'ca dina' (truly bad).",everyday,current,high,valid,[],[],False,False,False,False,,,,native,,,Basic native evaluative adjective 'bad' with no figurative basis.,s1_fij_r1,s2_fij_r1
fij_r1_2,fij,Fijian,Austronesian,Oceanic,Papunesia,false,,1,2,tamata ca,,person bad,A wicked or evil person.,everyday,current,high,valid,[],[],False,False,False,False,,,,native,,,"Contains 'tamata' (person) but affirms rather than negates personhood, simply qualifying the person as bad.",s1_fij_r1,s2_fij_r1
fij_r1_3,fij,Fijian,Austronesian,Oceanic,Papunesia,false,,1,3,ivalavala ca,,conduct bad,"Wicked or evil conduct, an evil deed. Also used for sin.",everyday,current,high,valid,[],[],False,False,False,False,,,,native,,,Literal phrase 'bad conduct' with no figurative content.,s1_fij_r1,s2_fij_r1
fij_r1_4,fij,Fijian,Austronesian,Oceanic,Papunesia,false,,1,4,lomaca,,heart/inside bad,"Malicious, evil-hearted, spiteful. Describes someone who wishes or does harm to others.",everyday,current,medium,valid,[],[],False,False,False,False,badness located in the inner self/heart (loma 'inside'),,,native,,,"Compound of loma 'inside, heart' and ca 'bad', metaphorically locating malice in a person's inner seat of feeling.",s1_fij_r1,s2_fij_r1
fij_r1_5,fij,Fijian,Austronesian,Oceanic,Papunesia,false,,1,5,vakararawataka,,cause-suffering-(transitive),"To make someone suffer, to torment or treat cruelly. 'Dau vakararawa' means a habitual tormentor or cruel person.",everyday,current,medium,valid,[],[],False,False,False,False,,,,native,,,"Causative-transitive of rarawa 'suffering', literally describing causing suffering without figurative basis.",s1_fij_r1,s2_fij_r1
fij_r1_6,fij,Fijian,Austronesian,Oceanic,Papunesia,false,,1,6,vakatevoro,,in-the-manner-of devil,"Devilish, diabolical. Used of acts or people considered monstrously evil.",everyday,current,medium,valid,[],[],False,False,True,False,,,,native,,,"Vaka- 'in the manner of' plus tevoro 'devil, evil spirit' compares the act or person to a supernatural evil being.",s1_fij_r1,s2_fij_r1
fij_r1_7,fij,Fijian,Austronesian,Oceanic,Papunesia,false,,1,7,sega ni loloma,,not of love/compassion,"Merciless, without compassion. Said of a cruel person or act.",everyday,current,medium,valid,[],[],False,False,False,False,,,,native,,,"Negates compassion (loloma), not humanity, so it is a plain 'merciless' condemnation.",s1_fij_r1,s2_fij_r1
fij_r1_8,fij,Fijian,Austronesian,Oceanic,Papunesia,false,,1,8,vakasisila,,in-the-manner-of disgusting,"Disgusting, abhorrent. Used to condemn a vile act.",everyday,current,low,valid,[],[],False,False,False,False,disgust/filth: the act is presented as repulsive or defiling,,,native,,,"Built on sisila 'disgusting, filthy', condemning the act through the idiom of physical revulsion.",s1_fij_r1,s2_fij_r1
fin_r1_1,fin,Finnish,Uralic,Finnic,Eurasia,false,,1,1,julma,,cruel,"Cruel or brutal, said of a person or an act. It is the basic word for cruelty.",everyday,current,high,valid,[],[],False,False,False,False,,,,native,,,Basic Finnic adjective for cruelty (cf. Estonian julm) with no figurative basis.,s1_fin_r1,s2_fin_r1
fin_r1_2,fin,Finnish,Uralic,Finnic,Eurasia,false,,1,2,raaka,,raw,"Brutal, savage or coarsely violent, e.g. 'raaka teko' (a brutal deed).",everyday,current,high,valid,[],[],False,False,False,False,"rawness: uncooked or unrefined, hence crude and uncivilized",,,unknown,,,"The literal sense 'raw' is extended metaphorically to coarse, uncivilized brutality; its deeper etymology is unclear.",s1_fin_r1,s2_fin_r1
fin_r1_3,fin,Finnish,Uralic,Finnic,Eurasia,false,,1,3,hirviö,,monster,"A monster, i.e. a person who has committed monstrous, cruel acts.",everyday,current,high,valid,[],[],False,False,True,False,,,,native,,,Compares the person to a monster; it is a native derivative related to hirveä 'terrible'.,s1_fin_r1,s2_fin_r1
fin_r1_4,fin,Finnish,Uralic,Finnic,Eurasia,false,,1,4,sairas,,sick,"Sick or twisted, condemning an act as perverse or depraved, e.g. 'ihan sairasta!' (that's totally sick!).",everyday,current,high,valid,[],[],False,False,False,False,illness: depravity framed as sickness or pathology,,,native,,,Condemns the act through the metaphor of disease or mental pathology.,s1_fin_r1,s2_fin_r1
fin_r1_5,fin,Finnish,Uralic,Finnic,Eurasia,false,,1,5,paha,,bad/evil,"Evil or wicked, e.g. 'paha ihminen' (an evil person).",everyday,current,high,valid,[],[],False,False,False,False,,,,native,,,"Plain evaluative adjective 'bad, evil' with no figurative basis.",s1_fin_r1,s2_fin_r1
fin_r1_6,fin,Finnish,Uralic,Finnic,Eurasia,false,,1,6,sydämetön,,heart-less,"Heartless, without compassion.",everyday,current,high,valid,[],[],False,False,False,False,"lacking a heart, the seat of compassion",,,native,,,"Privative of sydän 'heart', which metaphorically denotes lack of compassion rather than lack of humanity.",s1_fin_r1,s2_fin_r1
fin_r1_7,fin,Finnish,Uralic,Finnic,Eurasia,false,,1,7,armoton,,mercy-less,"Merciless or pitiless, often used of violence or treatment.",everyday,current,high,valid,[],[],False,False,False,False,,,,native,,,"Native privative derivative of armo 'mercy' that literally means 'merciless', with no figurative basis.",s1_fin_r1,s2_fin_r1
fin_r1_8,fin,Finnish,Uralic,Finnic,Eurasia,false,,1,8,epäinhimillinen,,un-human-ly,"Inhuman, condemning treatment or acts as beyond humane limits.",formal_or_literary,current,high,valid,[],[],True,False,False,False,,literal,transparent,calque,Swedish,,"Negating prefix epä- plus inhimillinen 'human(e)', modelled on Swedish omänsklig and German unmenschlich.",s1_fin_r1,s2_fin_r1
fin_r1_9,fin,Finnish,Uralic,Finnic,Eurasia,false,,1,9,raakalainen,,raw-one (brute),"A brute or savage, i.e. a person who acts with brutal cruelty.",everyday,current,high,valid,[],[],False,False,False,False,rawness: an uncivilized savage,,,native,,,"Derived from raaka 'raw', it presents the person as crude and uncivilized.",s1_fin_r1,s2_fin_r1
fin_r1_10,fin,Finnish,Uralic,Finnic,Eurasia,false,,1,10,ihmishirviö,,human-monster,"A human monster, typically used of perpetrators of horrific crimes, frequent in tabloids.",everyday,current,high,valid,[],[],False,False,True,False,,,,native,,,Calls the person a monster in human form; humanity is affirmed rather than negated.,s1_fin_r1,s2_fin_r1
fin_r1_11,fin,Finnish,Uralic,Finnic,Eurasia,false,,1,11,pirullinen,,devil-ish,"Devilish or fiendish, describing maliciously cruel or wicked acts or plans.",everyday,current,high,valid,[],[],False,False,True,False,,,,native,,,Native adjectival derivative of piru 'devil' that compares the act to the devil.,s1_fin_r1,s2_fin_r1
fin_r1_12,fin,Finnish,Uralic,Finnic,Eurasia,false,,1,12,saatanallinen,,satan-ic,"Satanic or diabolical, i.e. extremely evil.",everyday,current,medium,valid,[],[],False,False,True,False,,,,native,,,Native derivative of the older loan saatana 'Satan' that compares the act to Satan.,s1_fin_r1,s2_fin_r1
fin_r1_13,fin,Finnish,Uralic,Finnic,Eurasia,false,,1,13,häikäilemätön,,un-hesitating/un-scrupling,"Ruthless or unscrupulous, acting without any moral restraint.",everyday,current,high,valid,[],[],False,False,False,False,,,,native,,,"Negated participle meaning 'not hesitating or scrupling', a plain condemnation with no figurative basis.",s1_fin_r1,s2_fin_r1
fin_r1_14,fin,Finnish,Uralic,Finnic,Eurasia,false,,1,14,ihmisroska,,human-trash,"Human garbage or scum, i.e. a contemptible, wicked person.",slang_or_insult,current,medium,valid,[],[],False,False,False,False,"trash or garbage: a worthless, discardable thing",,,native,,,Likens the person to rubbish; the word ihminen 'human' appears but is not negated.,s1_fin_r1,s2_fin_r1
fin_r1_15,fin,Finnish,Uralic,Finnic,Eurasia,false,,1,15,peto,,beast (predator),"A beast, i.e. a savage, cruel person, often a violent or sexual predator. Also used in the compound 'ihmispeto' (human beast).",everyday,current,medium,valid,[],[],False,True,False,False,,,,native,,,Compares the person to a predatory wild beast.,s1_fin_r1,s2_fin_r1
fre_r1_1,fre,French,Indo-European,Romance,Eurasia,false,,1,1,monstre,,monster,A person who has committed acts of extreme cruelty; a monster.,everyday,current,high,valid,[],[],False,False,True,False,,,,native,,,"Calls the person a monster, a supernatural or prodigious being (Latin monstrum 'portent, monster').",s1_fre_r1,s2_fre_r1
fre_r1_2,fre,French,Indo-European,Romance,Eurasia,false,,1,2,monstrueux,,monstrous,Monstrous; describes an act (or person) of shocking cruelty or wickedness.,everyday,current,high,valid,[],[],False,False,True,False,,,,native,,,"Adjective derived from monstre, likening the act or person to a monster.",s1_fre_r1,s2_fre_r1
fre_r1_3,fre,French,Indo-European,Romance,Eurasia,false,,1,3,horrible,,horrible,"Horrible, terrible; used of cruel acts or of a cruel person.",everyday,current,high,valid,[],[],False,False,False,False,,,,native,,,"A plain evaluative adjective meaning 'causing horror' (Latin horribilis), with no figurative comparison.",s1_fre_r1,s2_fre_r1
fre_r1_4,fre,French,Indo-European,Romance,Eurasia,false,,1,4,ignoble,,ignoble,"Vile, base, despicable; morally repugnant conduct.",everyday,current,high,valid,[],[],False,False,False,False,"lack of nobility (low, base character)",,,native,,,"From Latin ignobilis 'not noble', so it condemns the person as lacking nobility or baseness.",s1_fre_r1,s2_fre_r1
fre_r1_5,fre,French,Indo-European,Romance,Eurasia,false,,1,5,dégueulasse,,disgusting (vomit-inducing),"Disgusting, rotten; strongly condemns a nasty, cruel or unfair act or person.",slang_or_insult,current,high,valid,[],[],False,False,False,False,physical disgust (vomit-inducing),,,native,,,"Derived from gueuler/dégueuler 'to vomit', framing the act or person as nauseating.",s1_fre_r1,s2_fre_r1
fre_r1_6,fre,French,Indo-European,Romance,Eurasia,false,,1,6,salaud,,"dirty one (from 'sale', dirty)",Bastard; a person who has acted in a cruel or despicable way.,slang_or_insult,current,high,valid,[],[],False,False,False,False,"dirt, filth",,,native,,,"Derived from sale 'dirty', depicting the person as dirty or filthy.",s1_fre_r1,s2_fre_r1
fre_r1_7,fre,French,Indo-European,Romance,Eurasia,false,,1,7,abominable,,abominable,"Abominable; an atrocious, hateful act.",everyday,current,high,valid,[],[],False,False,False,False,ill omen (etymological),,,native,,,"From Latin abominari 'to shun as an ill omen', today simply understood as 'detestable'.",s1_fre_r1,s2_fre_r1
fre_r1_8,fre,French,Indo-European,Romance,Eurasia,false,,1,8,atroce,,atrocious,Atrocious; describes an act of extreme cruelty.,everyday,current,high,valid,[],[],False,False,False,False,,,,native,,,"A plain intensifying condemnation from Latin atrox 'fierce, cruel', with no figurative basis.",s1_fre_r1,s2_fre_r1
fre_r1_9,fre,French,Indo-European,Romance,Eurasia,false,,1,9,odieux,,odious,"Odious, hateful; used of a cruel act or a cruel, nasty person.",everyday,current,high,valid,[],[],False,False,False,False,,,,native,,,"Means 'deserving hatred' (Latin odiosus), a plain condemnation.",s1_fre_r1,s2_fre_r1
fre_r1_10,fre,French,Indo-European,Romance,Eurasia,false,,1,10,barbare,,barbarian / barbaric,Barbaric; a savagely cruel act or person.,everyday,current,high,valid,[],[],False,False,False,False,"uncivilized foreigner, savagery",,,native,,,"From Latin barbarus (from Greek), originally 'foreigner', it likens the person or act to an uncivilized savage.",s1_fre_r1,s2_fre_r1
fre_r1_11,fre,French,Indo-European,Romance,Eurasia,false,,1,11,inhumain,,inhuman,"Inhuman; showing no compassion, extremely cruel.",everyday,current,high,valid,[],[],True,False,False,False,,literal,transparent,native,,,"The privative in- plus humain explicitly denies humanity, and speakers perceive this clearly.",s1_fre_r1,s2_fre_r1
fre_r1_12,fre,French,Indo-European,Romance,Eurasia,false,,1,12,ordure,,"garbage, filth",Scum; insult for a person who acted in a vile or cruel way.,slang_or_insult,current,high,valid,[],[],False,False,False,False,"filth, garbage",,,native,,,Calls the person filth or garbage.,s1_fre_r1,s2_fre_r1
fre_r1_13,fre,French,Indo-European,Romance,Eurasia,false,,1,13,sans cœur,,without heart,Heartless; a person without pity.,everyday,current,high,valid,[],[],False,False,False,False,lacking a heart (seat of compassion),,,native,,,"Negates the heart, taken as the seat of feeling, not humanity itself.",s1_fre_r1,s2_fre_r1
fre_r1_14,fre,French,Indo-European,Romance,Eurasia,false,,1,14,sadique,,sadistic / sadist,Sadist; someone who takes pleasure in being cruel.,everyday,current,high,valid,[],[],False,False,False,False,eponym (Marquis de Sade),,,native,,,"Derived from the name of the Marquis de Sade, it likens the person to him or to his perversion.",s1_fre_r1,s2_fre_r1
fre_r1_15,fre,French,Indo-European,Romance,Eurasia,false,,1,15,crapule,,scoundrel (originally 'debauchery'),"Scoundrel, villain; a dishonest or wicked person.",slang_or_insult,current,medium,valid,[],[],False,False,False,False,"debauchery, drunkenness (etymological)",,,native,,,"From Latin crapula 'drunkenness', it originally meant debauchery and now simply means a villain or scoundrel.",s1_fre_r1,s2_fre_r1
geo_r1_1,geo,Georgian,Kartvelian,Kartvelian,Eurasia,false,,1,1,სასტიკი,sastiki,cruel,"Cruel, brutal. Used of a person or an act. The standard everyday word.",everyday,current,high,valid,[],[],False,False,False,False,,,,native,,,"Plain adjective for 'cruel, severe', attested since Old Georgian, with no figurative basis.",s1_geo_r1,s2_geo_r1
geo_r1_2,geo,Georgian,Kartvelian,Kartvelian,Eurasia,false,,1,2,ბოროტი,boroti,evil,"Evil, wicked, malicious. Used of a person, deed or intention.",everyday,current,high,valid,[],[],False,False,False,False,,,,native,,,"Basic Old Georgian word for 'evil', a plain moral condemnation.",s1_geo_r1,s2_geo_r1
geo_r1_3,geo,Georgian,Kartvelian,Kartvelian,Eurasia,false,,1,3,მხეცი,mkheci,"beast, wild animal","A brute, a beast of a person. Said of someone who has acted savagely.",slang_or_insult,current,high,valid,[],[],False,True,False,False,,,,native,,,"Calls the person a wild beast, which is a direct animal comparison.",s1_geo_r1,s2_geo_r1
geo_r1_4,geo,Georgian,Kartvelian,Kartvelian,Eurasia,false,,1,4,დაუნდობელი,daundobeli,un-sparing (one who does not spare),"Merciless, ruthless.",everyday,current,high,valid,[],[],False,False,False,False,,,,native,,,"A negated participle of the verb 'to spare', meaning merciless; it negates mercy, not humanity.",s1_geo_r1,s2_geo_r1
geo_r1_5,geo,Georgian,Kartvelian,Kartvelian,Eurasia,false,,1,5,არაადამიანური,araadamianuri,non-human-like,"Inhuman. Used of an act of extreme cruelty, e.g. 'არაადამიანური საქციელი' (an inhuman deed).",everyday,current,high,valid,[],[],True,False,False,False,,literal,transparent,calque,Russian,Possibly an independent native formation; the stem adamiani 'human' itself derives from the biblical name Adam.,"Formed from ara- 'not' and adamianuri 'human', so it explicitly negates humanity in a way any speaker would perceive.",s1_geo_r1,s2_geo_r1
geo_r1_6,geo,Georgian,Kartvelian,Kartvelian,Eurasia,false,,1,6,უგულო,ugulo,heart-less,"Heartless, callous, without compassion.",everyday,current,high,valid,[],[],False,False,False,False,"lacking a heart, the heart standing for the seat of compassion",,,native,,,"Formed with the privative u-...-o on guli 'heart', a body-part metaphor for having no compassion.",s1_geo_r1,s2_geo_r1
geo_r1_7,geo,Georgian,Kartvelian,Kartvelian,Eurasia,false,,1,7,ჯალათი,jalati,executioner,"Executioner; figuratively a torturer, a cruel tormentor of others.",slang_or_insult,current,high,valid,[],[],False,False,False,False,comparison to an executioner or torturer,,,older_loanword,Persian (ultimately Arabic jallād),,Likens the cruel person to a professional executioner; the word is an old Arabic-Persian borrowing.,s1_geo_r1,s2_geo_r1
geo_r1_8,geo,Georgian,Kartvelian,Kartvelian,Eurasia,false,,1,8,ურჩხული,urchkhuli,"monster, dragon",A monster. Said of a person who has done something monstrous.,everyday,current,high,valid,[],[],False,False,True,False,,,,native,,,Compares the person to a mythical monster or dragon.,s1_geo_r1,s2_geo_r1
geo_r1_9,geo,Georgian,Kartvelian,Kartvelian,Eurasia,false,,1,9,შეუბრალებელი,sheubralebeli,un-pitying (one who does not pity),"Pitiless, merciless.",everyday,current,high,valid,[],[],False,False,False,False,,,,native,,,"A negated participle of 'to pity', meaning pitiless; it negates pity, not humanity.",s1_geo_r1,s2_geo_r1
geo_r1_10,geo,Georgian,Kartvelian,Kartvelian,Eurasia,false,,1,10,უღმერთო,ughmerto,god-less,"Godless. Colloquially, a person or deed that is shamelessly merciless or unconscionable, e.g. 'უღმერთო ხარ!' (you have no God!).",everyday,current,medium,valid,[],[],False,False,False,False,"lacking God, i.e. lacking religious and moral restraint",,,native,,,"Formed with the privative on ghmerti 'God', presenting the person as without God and conscience.",s1_geo_r1,s2_geo_r1
geo_r1_11,geo,Georgian,Kartvelian,Kartvelian,Eurasia,false,,1,11,გულქვა,gulkva,heart-stone,"Stone-hearted, hard-hearted, unmoved by others' suffering.",everyday,current,high,valid,[],[],False,False,False,False,having a heart of stone,,,native,,,"A compound of guli 'heart' and kva 'stone', a metaphor of a hard, unfeeling heart.",s1_geo_r1,s2_geo_r1
geo_r1_12,geo,Georgian,Kartvelian,Kartvelian,Eurasia,false,,1,12,სადისტი,sadisti,sadist,Sadist. Someone who enjoys inflicting cruelty.,everyday,current,high,valid,[],[],False,False,False,False,eponym of the Marquis de Sade (clinical term),,,recent_loanword,Russian (ultimately French),,A 20th-century borrowing of the psychological term derived from de Sade's name.,s1_geo_r1,s2_geo_r1
geo_r1_13,geo,Georgian,Kartvelian,Kartvelian,Eurasia,false,,1,13,ბარბაროსული,barbarosuli,barbarian-like,"Barbaric. Used of savage, brutal acts.",everyday,current,high,valid,[],[],False,False,False,False,"comparison to barbarians, i.e. uncivilized peoples",,,older_loanword,Greek,,"Built on barbarosi, an old Greek borrowing, and likens the act to the conduct of uncivilized barbarians.",s1_geo_r1,s2_geo_r1
geo_r1_14,geo,Georgian,Kartvelian,Kartvelian,Eurasia,false,,1,14,ბოროტმოქმედი,borotmokmedi,evil-doer,"Evildoer, villain, criminal.",everyday,current,high,valid,[],[],False,False,False,False,,,,native,,,"A compound of boroti 'evil' and mokmedi 'doer', a plain literal description.",s1_geo_r1,s2_geo_r1
geo_r1_15,geo,Georgian,Kartvelian,Kartvelian,Eurasia,false,,1,15,ულმობელი,ulmobeli,without-compassion,"Pitiless, relentless, merciless. Bookish in tone.",formal_or_literary,current,high,valid,[],[],False,False,False,False,,,,native,,,"A negated participle from the root of lmoba 'compassion', meaning pitiless; it negates compassion, not humanity.",s1_geo_r1,s2_geo_r1
ger_r1_1,ger,German,Indo-European,Germanic,Eurasia,true,known_language,1,1,grausam,,cruel (from Graus 'horror' + -sam),cruel; causing or relishing great suffering,everyday,current,high,valid,[],[],False,False,False,False,,,,native,,,"A native derivative of Graus 'horror' meaning roughly 'horrifying', so it is a plain condemnation with no figurative comparison.",s1_ger_r1,s2_ger_r1
ger_r1_2,ger,German,Indo-European,Germanic,Eurasia,true,known_language,1,2,brutal,,brutal,"brutal, violently cruel",everyday,current,high,valid,[],[],False,True,False,False,,,,older_loanword,Latin,"The animal sense is only etymological (Latin brutus 'dull, irrational', applied to beasts; Medieval Latin brutalis 'beast-like') and is not perceived by speakers today.","Borrowed from Latin brutalis 'like an irrational beast', the word etymologically compares the person to an animal.",s1_ger_r1,s2_ger_r1
ger_r1_3,ger,German,Indo-European,Germanic,Eurasia,true,known_language,1,3,unmenschlich,,un-human-ly,inhuman; so cruel as to be beyond human decency,everyday,current,high,valid,[],[],True,False,False,False,,literal,transparent,native,,,The privative un- attached to menschlich 'human' visibly denies that the act is human.,s1_ger_r1,s2_ger_r1
ger_r1_4,ger,German,Indo-European,Germanic,Eurasia,true,known_language,1,4,Monster,,monster,a monstrously cruel or evil person,everyday,current,high,valid,[],[],False,False,True,False,,,,recent_loanword,English,,"It likens the person to a monster, a supernatural creature, and was borrowed from English (ultimately from Latin monstrum).",s1_ger_r1,s2_ger_r1
ger_r1_5,ger,German,Indo-European,Germanic,Eurasia,true,known_language,1,5,Schwein,,pig,"a vile, wicked or contemptible person (strong insult)",slang_or_insult,current,high,valid,[],[],False,True,False,False,,,,native,,,"It calls the person a pig, which is a direct animal comparison.",s1_ger_r1,s2_ger_r1
ger_r1_6,ger,German,Indo-European,Germanic,Eurasia,true,known_language,1,6,abscheulich,,abhorrent (from Abscheu 'loathing'),"abominable, atrocious, morally repugnant",everyday,current,high,valid,[],[],False,False,False,False,,,,native,,,"A native derivative of Abscheu 'loathing', so it is a plain expression of revulsion.",s1_ger_r1,s2_ger_r1
ger_r1_7,ger,German,Indo-European,Germanic,Eurasia,true,known_language,1,7,bestialisch,,beast-like,"bestial, savagely cruel (often of crimes or murders)",everyday,current,high,valid,[],[],False,True,False,False,,,,older_loanword,Latin,,"From Latin bestialis 'beast-like', it transparently compares the act to the behaviour of beasts.",s1_ger_r1,s2_ger_r1
ger_r1_8,ger,German,Indo-European,Germanic,Eurasia,true,known_language,1,8,teuflisch,,devil-ish,"diabolical, fiendishly wicked",everyday,current,high,valid,[],[],False,False,True,False,,,,native,,,"A native adjective derived from Teufel 'devil', comparing the act to the devil.",s1_ger_r1,s2_ger_r1
ger_r1_9,ger,German,Indo-European,Germanic,Eurasia,true,known_language,1,9,Unmensch,,un-human (non-person),a brute; a person lacking all humanity and compassion,everyday,current,high,valid,[],[],True,False,False,False,,literal,transparent,native,,,The privative un- plus Mensch 'human' visibly presents the person as a non-human.,s1_ger_r1,s2_ger_r1
ger_r1_10,ger,German,Indo-European,Germanic,Eurasia,true,known_language,1,10,Bestie,,beast,"a savage, cruel person (often of violent criminals)",everyday,current,high,valid,[],[],False,True,False,False,,,,older_loanword,Latin,,"From Latin bestia 'beast', it calls the person a wild animal.",s1_ger_r1,s2_ger_r1
ger_r1_11,ger,German,Indo-European,Germanic,Eurasia,true,known_language,1,11,barbarisch,,barbaric,"barbaric, savagely cruel and uncivilized",everyday,current,high,valid,[],[],False,False,False,False,"likened to barbarians, i.e. uncivilized savages outside civilization",,,older_loanword,Latin,,"It compares the act to the conduct of uncivilized barbarians (Latin barbarus, from Greek), which is a figurative basis outside the listed categories.",s1_ger_r1,s2_ger_r1
ger_r1_12,ger,German,Indo-European,Germanic,Eurasia,true,known_language,1,12,menschenverachtend,,human-despising,showing utter contempt for human life and dignity,formal_or_literary,current,high,valid,[],[],False,False,False,False,,,,native,,,"It contains Mensch but describes contempt for other humans rather than denying the perpetrator's humanity, so it is a literal description.",s1_ger_r1,s2_ger_r1
ger_r1_13,ger,German,Indo-European,Germanic,Eurasia,true,known_language,1,13,niederträchtig,,low-bearing / base-minded,"vile, base, malicious, despicable",formal_or_literary,current,high,valid,[],[],False,False,False,False,spatial metaphor of lowness/baseness,,,native,,,"It is built on nieder 'low', so its condemnation rests on a metaphor equating moral badness with low position.",s1_ger_r1,s2_ger_r1
ger_r1_14,ger,German,Indo-European,Germanic,Eurasia,true,known_language,1,14,Scheusal,,"horror, monstrous thing (from scheuen 'to shy away from')","a monster, a fiendish or loathsome person",formal_or_literary,current,medium,valid,[],[],False,False,False,False,"object of dread/repulsion (originally a scarecrow, a thing to shy away from)",,,native,,,"Derived from scheuen 'to shy away', it treats the person as a frightful thing to be avoided rather than explicitly as a supernatural being.",s1_ger_r1,s2_ger_r1
ger_r1_15,ger,German,Indo-European,Germanic,Eurasia,true,known_language,1,15,Ausgeburt der Hölle,,spawn/offspring of the hell,a hellish creature; an utterly evil person or deed,formal_or_literary,current,medium,valid,[],[],False,False,True,False,portrayed as offspring born of hell,,,native,,,"It presents the person as a creature spawned by hell, an infernal and supernatural origin.",s1_ger_r1,s2_ger_r1
grk_r1_1,grk,Greek (Modern),Indo-European,Greek,Eurasia,false,,1,1,απάνθρωπος,apánthropos,un-human / away-from-human,"inhuman, monstrously cruel (of a person or an act)",everyday,current,high,valid,[],[],True,False,False,False,,literal,transparent,native,,,"Privative ἀ- plus άνθρωπος 'human' explicitly denies humanity, and speakers readily perceive the parts.",s1_grk_r1,s2_grk_r1
grk_r1_2,grk,Greek (Modern),Indo-European,Greek,Eurasia,false,,1,2,κτήνος,ktínos,"beast, brute (livestock animal)","a brute, a bestial person who commits savage, cruel acts",slang_or_insult,current,high,valid,[],[],False,True,False,False,,,,native,,,Calls the person a beast (livestock or brute animal).,s1_grk_r1,s2_grk_r1
grk_r1_3,grk,Greek (Modern),Indo-European,Greek,Eurasia,false,,1,3,τέρας,téras,monster,"a monster, a person of extraordinary cruelty or wickedness",everyday,current,high,valid,[],[],False,False,True,False,,,,native,,,Compares the person to a monster (originally a portent or prodigy).,s1_grk_r1,s2_grk_r1
grk_r1_4,grk,Greek (Modern),Indo-European,Greek,Eurasia,false,,1,4,κάθαρμα,káTHarma,"refuse, scum (that which is cleaned away)","scumbag, a vile and wicked person",slang_or_insult,current,high,valid,[],[],False,False,False,False,filth/refuse: the person as offscourings that are cleaned away,,,native,,,The insult rests on the image of impure refuse rather than on animals or the supernatural.,s1_grk_r1,s2_grk_r1
grk_r1_5,grk,Greek (Modern),Indo-European,Greek,Eurasia,false,,1,5,δεν έχεις Θεό,den éxis Theó,not you-have God,you have no conscience or pity; how can you be so heartless or cruel,everyday,current,high,valid,[],[],False,False,False,False,"lacking God, i.e. lacking religious and moral restraint or conscience",,,native,,,"Cruelty is framed as the absence of God within the person, not as non-humanity.",s1_grk_r1,s2_grk_r1
grk_r1_6,grk,Greek (Modern),Indo-European,Greek,Eurasia,false,,1,6,άκαρδος,ákardos,without-heart,"heartless, pitiless",everyday,current,high,valid,[],[],False,False,False,False,"lacking a heart, the heart being the seat of compassion",,,native,,,"Negates 'heart', not 'human', so it is a metaphor of missing compassion.",s1_grk_r1,s2_grk_r1
grk_r1_7,grk,Greek (Modern),Indo-European,Greek,Eurasia,false,,1,7,βάρβαρος,várvaros,barbarian,"barbaric, savagely cruel (of a person or an act)",everyday,current,high,valid,[],[],False,False,False,False,uncivilized foreigner/outsider to civilization,,,native,,,"Likens the cruelty to that of uncivilized barbarians, excluding the person from civilization but not explicitly from humankind.",s1_grk_r1,s2_grk_r1
grk_r1_8,grk,Greek (Modern),Indo-European,Greek,Eurasia,false,,1,8,σατανικός,satanikós,"satanic, of Satan","diabolical, fiendishly wicked",everyday,current,high,valid,[],[],False,False,True,False,,,,native,,,Compares the person or act to Satan; it is a Greek derivative of a Hebrew-origin name.,s1_grk_r1,s2_grk_r1
grk_r1_9,grk,Greek (Modern),Indo-European,Greek,Eurasia,false,,1,9,αδίστακτος,adístaktos,un-hesitating,"ruthless, stopping at nothing",everyday,current,high,valid,[],[],False,False,False,False,,,,native,,,"A plain description of ruthlessness as lacking hesitation, with no figurative basis.",s1_grk_r1,s2_grk_r1
grk_r1_10,grk,Greek (Modern),Indo-European,Greek,Eurasia,false,,1,10,στυγερό έγκλημα,stigeró églima,hateful/abhorrent crime,heinous crime (very frequent in the news),formal_or_literary,current,high,valid,[],[],False,False,False,False,,,,native,,,A plain condemnation of the crime as hateful or abhorrent.,s1_grk_r1,s2_grk_r1
grk_r1_11,grk,Greek (Modern),Indo-European,Greek,Eurasia,false,,1,11,ειδεχθής,idexthís,"hateful in appearance, odious","heinous, abominable (especially of crimes)",formal_or_literary,current,high,valid,[],[],False,False,False,False,,,,native,,,"A learned word meaning 'odious to behold', used as a plain evaluative condemnation.",s1_grk_r1,s2_grk_r1
grk_r1_12,grk,Greek (Modern),Indo-European,Greek,Eurasia,false,,1,12,κτηνωδία,ktinodía,"beast-likeness, bestiality","a bestial act, an atrocity",formal_or_literary,current,high,valid,[],[],False,True,False,False,,,,native,,,Derived from κτήνος 'beast'; presents the act as beast-like.,s1_grk_r1,s2_grk_r1
grk_r1_13,grk,Greek (Modern),Indo-European,Greek,Eurasia,false,,1,13,σαδιστής,sadistís,sadist,a person who takes pleasure in cruelty,everyday,current,high,valid,[],[],False,False,False,False,eponym: likened to the Marquis de Sade,,,recent_loanword,French,,"Borrowed from French sadiste, an eponym from de Sade, denoting pleasure in cruelty.",s1_grk_r1,s2_grk_r1
grk_r1_14,grk,Greek (Modern),Indo-European,Greek,Eurasia,false,,1,14,αιμοβόρος,emovóros,blood-eating,"bloodthirsty, savagely cruel",everyday,current,high,valid,[],[],False,False,False,False,"devouring blood, a predatory image",,,native,,Predator imagery is implicit but not an explicit animal comparison.,The compound 'blood-eating' depicts cruelty as a thirst for and consumption of blood.,s1_grk_r1,s2_grk_r1
grk_r1_15,grk,Greek (Modern),Indo-European,Greek,Eurasia,false,,1,15,ανελέητος,aneléitos,without-mercy,"merciless, pitiless",everyday,current,high,valid,[],[],False,False,False,False,,,,native,,,"Negates mercy, not humanity; this is a plain condemnation.",s1_grk_r1,s2_grk_r1
grw_r1_1,grw,Greenlandic (West),Eskimo-Aleut,Eskimo,Eurasia,false,,1,1,ajorluinnartoq,,be.bad-completely-PARTICIPLE (one that is utterly bad),"utterly bad, terrible, wicked (of an act or a person)",everyday,current,medium,valid,[],[],False,False,False,False,,,,native,,,"A native derivation of ajor- 'be bad' with an intensifier meaning 'utterly bad', which is a plain evaluative condemnation.",s1_grw_r1,s2_grw_r1
grw_r1_2,grw,Greenlandic (West),Eskimo-Aleut,Eskimo,Eurasia,false,,1,2,ajortoq,,be.bad-PARTICIPLE (one that is bad),"bad, evil; also used as a noun for evil or wrongdoing",everyday,current,high,valid,[],[],False,False,False,False,,,,native,,,The participle of ajor- 'be bad' is a plain native term for evil with no figurative basis.,s1_grw_r1,s2_grw_r1
grw_r1_3,grw,Greenlandic (West),Eskimo-Aleut,Eskimo,Eurasia,false,,1,3,ajortuliortoq,,bad.thing-make-PARTICIPLE (one who makes evil),"evildoer, wrongdoer, sinner; one who commits wicked deeds",formal_or_literary,current,medium,valid,[],[],False,False,False,False,,,,native,,,"A native agentive derivation, 'one who makes bad things', that directly describes wrongdoing without any imagery.",s1_grw_r1,s2_grw_r1
grw_r1_4,grw,Greenlandic (West),Eskimo-Aleut,Eskimo,Eurasia,false,,1,4,naakkittaaqanngitsoq,,mercy-have-NEG-PARTICIPLE (one without mercy),"merciless, pitiless, cruel",everyday,current,low,valid,[],[],False,False,False,False,,,,native,,,"This negates possession of mercy rather than humanity, so it is a plain native description of pitilessness.",s1_grw_r1,s2_grw_r1
grw_r1_5,grw,Greenlandic (West),Eskimo-Aleut,Eskimo,Eurasia,false,,1,5,nakuusertoq,,use.violence-PARTICIPLE (one who uses force/violence),"violent person, one who commits violence or abuse",everyday,current,medium,valid,[],[],False,False,False,False,,,,native,,,"A native derivation built on nakuu- 'strong' that literally denotes someone who uses force or violence, with no figurative comparison.",s1_grw_r1,s2_grw_r1
grw_r1_6,grw,Greenlandic (West),Eskimo-Aleut,Eskimo,Eurasia,false,,1,6,kanngunartoq,,shame-cause-PARTICIPLE (that which causes shame),"shameful, disgraceful (said in condemnation of an act)",everyday,current,medium,valid,[],[],False,False,False,False,,,,native,,,"A native 'shame-causing' participle that condemns the act by the reaction it provokes, which is not a figurative basis.",s1_grw_r1,s2_grw_r1
grw_r1_7,grw,Greenlandic (West),Eskimo-Aleut,Eskimo,Eurasia,false,,1,7,ersinartoq,,fear-cause-PARTICIPLE (that which causes fear),"terrible, horrible, dreadful (of a deed)",everyday,current,medium,valid,[],[],False,False,False,False,,,,native,,,"A native 'fear-causing' participle meaning horrible, which is a plain evaluative term.",s1_grw_r1,s2_grw_r1
grw_r1_8,grw,Greenlandic (West),Eskimo-Aleut,Eskimo,Eurasia,false,,1,8,alianartoq,,grief-cause-PARTICIPLE (that which causes grief),"terrible, tragic, deplorable (of an act or event)",everyday,current,medium,valid,[],[],False,False,False,False,,,,native,,This more commonly means 'sad' or 'saddening' than specifically 'wicked'.,"A native 'grief-causing' participle that evaluates the act by its emotional effect, without imagery.",s1_grw_r1,s2_grw_r1
gua_r1_1,gua,Guaraní,Tupian,Maweti-Guarani,South America,false,,1,1,ivai,,3rd-person-it/he + bad,He or it is bad or wicked. The general word for a morally bad act or person. It also means 'ugly'.,everyday,current,high,valid,[],[],False,False,False,False,,,,native,,,A plain evaluative predicate (third-person prefix i- plus vai 'bad') with no figurative basis.,s1_gua_r1,s2_gua_r1
gua_r1_2,gua,Guaraní,Tupian,Maweti-Guarani,South America,false,,1,2,ivaieterei,,3rd-person + bad + very/truly + excessively,"Extremely bad or evil, used to condemn an outrageous act or person.",everyday,current,high,valid,[],[],False,False,False,False,,,,native,,,"This is ivai intensified with the native suffixes -ete and -rei, still a plain condemnation without imagery.",s1_gua_r1,s2_gua_r1
gua_r1_3,gua,Guaraní,Tupian,Maweti-Guarani,South America,false,,1,3,añamemby,,devil + child (of a woman),"Son of the devil. A strong insult for a wicked, cruel person.",slang_or_insult,current,high,valid,[],[],False,False,True,False,diabolical descent (offspring of the devil),,,native,,,"It calls the person the child of aña, the devil or evil spirit, which links them to a supernatural evil being through descent.",s1_gua_r1,s2_gua_r1
gua_r1_4,gua,Guaraní,Tupian,Maweti-Guarani,South America,false,,1,4,ñarõ,,fierce/savage,"Fierce, savage or vicious. Used of animals (jagua ñarõ 'vicious dog') and of cruel, violent people.",everyday,current,high,valid,[],[],False,False,False,False,"ferocity, a quality prototypically attributed to wild or vicious animals",,,native,,,"The adjective means 'fierce or savage' and is typical of animals, but it is applied directly to people without an explicit animal comparison.",s1_gua_r1,s2_gua_r1
gua_r1_5,gua,Guaraní,Tupian,Maweti-Guarani,South America,false,,1,5,tekovai,,way-of-being/conduct + bad,Wickedness or evil conduct. Also used of a person of evil character.,everyday,current,high,valid,[],[],False,False,False,False,,,,native,,,"A literal compound of teko 'way of being, conduct' and vai 'bad', denoting evil conduct with no figurative basis.",s1_gua_r1,s2_gua_r1
gua_r1_6,gua,Guaraní,Tupian,Maweti-Guarani,South America,false,,1,6,aña,,devil/evil spirit,The devil. Applied to a person to call them diabolically wicked.,slang_or_insult,current,medium,valid,[],[],False,False,True,False,,,,native,,,"Calling a person aña, the native Tupi-Guarani term for an evil spirit that was later used for the Christian devil, equates them with a supernatural being.",s1_gua_r1,s2_gua_r1
gua_r1_7,gua,Guaraní,Tupian,Maweti-Guarani,South America,false,,1,7,mba'e vai,,thing + bad,"An evil or terrible deed, as in 'he did a terrible thing'.",everyday,current,medium,valid,[],[],False,False,False,False,,,,native,,,"A literal phrase meaning 'bad thing', used for an evil deed without imagery.",s1_gua_r1,s2_gua_r1
gua_r1_8,gua,Guaraní,Tupian,Maweti-Guarani,South America,false,,1,8,angaipa,,sin/evil,"Sin or wrongdoing. Condemns an act as morally evil, often with religious overtones.",formal_or_literary,current,medium,valid,[],[],False,False,False,False,,,,native,,,"A native word, perhaps 'bad soul' etymologically and adopted in missionary usage for 'sin', that condemns an act as morally evil without comparison.",s1_gua_r1,s2_gua_r1
gua_r1_9,gua,Guaraní,Tupian,Maweti-Guarani,South America,false,,1,9,ndoiporiahuverekói,,NEG + he + have-compassion-for (poriahu 'poor one' + vereko 'treat as') + NEG,"He has no pity or mercy. Describes a merciless, cruel person.",everyday,current,medium,valid,[],[],False,False,False,False,,,,native,,,"It negates compassion rather than humanity, which is a literal statement of mercilessness.",s1_gua_r1,s2_gua_r1
gua_r1_10,gua,Guaraní,Tupian,Maweti-Guarani,South America,false,,1,10,ipy'ahatã,,3rd-person + stomach/heart + hard,"Hard-hearted or pitiless. It can also mean 'brave, tough' in other contexts.",everyday,current,low,valid,[],[],False,False,False,False,hardness of the inner seat of emotion (hard-heartedness),,,native,,,"It is a body-part metaphor in which a hard py'a (the stomach or chest, seat of feeling) stands for pitilessness.",s1_gua_r1,s2_gua_r1
hau_r1_1,hau,Hausa,Afro-Asiatic,West Chadic,Africa,false,,1,1,"mugu (f. muguwa, pl. miyagu)",,wicked one / bad person,"a wicked, cruel or evil person; also used as an adjective ('mugun mutum' = wicked man)",everyday,current,high,valid,[],[],False,False,False,False,,,,native,,,"A native Hausa word meaning 'bad/wicked (person)', used as a plain condemnation with no figurative basis.",s1_hau_r1,s2_hau_r1
hau_r1_2,hau,Hausa,Afro-Asiatic,West Chadic,Africa,false,,1,2,mugunta,,wickedness,"wickedness, cruelty, malice; an evil or cruel act ('wannan mugunta ce' = this is wickedness)",everyday,current,high,valid,[],[],False,False,False,False,,,,native,,,An abstract noun formed from native mugu with the suffix -nta; it is a plain term for wickedness.,s1_hau_r1,s2_hau_r1
hau_r1_3,hau,Hausa,Afro-Asiatic,West Chadic,Africa,false,,1,3,rashin imani / ba shi da imani,,lack of faith / he has no faith,"heartlessness, pitiless cruelty; said of someone who does something inhumanly cruel",everyday,current,high,valid,[],[],False,False,False,False,"lacking religious faith, treated as the source of conscience and compassion",,,native,,,"A Hausa construction (rashi 'lack' plus imani, an older Arabic loan from īmān 'faith') that frames cruelty as the absence of faith or conscience; it negates faith, not humanity.",s1_hau_r1,s2_hau_r1
hau_r1_4,hau,Hausa,Afro-Asiatic,West Chadic,Africa,false,,1,4,"azzalumi (f. azzaluma, pl. azzalumai)",,"oppressor, unjust one",a tyrant or cruel oppressor; someone who treats others with gross injustice and cruelty,everyday,current,high,valid,[],[],False,False,False,False,,,,older_loanword,Arabic,,"Borrowed from Arabic aẓ-ẓālim 'the oppressor', this is a literal term for an unjust oppressor.",s1_hau_r1,s2_hau_r1
hau_r1_5,hau,Hausa,Afro-Asiatic,West Chadic,Africa,false,,1,5,zalunci,,"oppression, injustice","cruel injustice or oppression; a wicked, unjust act",everyday,current,high,valid,[],[],False,False,False,False,,,,older_loanword,Arabic,,"Built on the Arabic root ẓ-l-m (ẓulm 'injustice') with the Hausa suffix -nci, this is a plain term for oppression.",s1_hau_r1,s2_hau_r1
hau_r1_6,hau,Hausa,Afro-Asiatic,West Chadic,Africa,false,,1,6,rashin tausayi,,lack of pity,"mercilessness, cruelty",everyday,current,high,valid,[],[],False,False,False,False,,,,native,,,This means 'lack of pity'; negating pity is a plain description and does not deny humanity.,s1_hau_r1,s2_hau_r1
hau_r1_7,hau,Hausa,Afro-Asiatic,West Chadic,Africa,false,,1,7,shaiɗan,,"devil, Satan",used of a person who is extremely wicked or evil,slang_or_insult,current,high,valid,[],[],False,False,True,False,,,,older_loanword,Arabic,,"Calling a person 'Satan', from Arabic shayṭān, compares them to a supernatural evil being.",s1_hau_r1,s2_hau_r1
hau_r1_8,hau,Hausa,Afro-Asiatic,West Chadic,Africa,false,,1,8,Allah ya isa,,God is sufficient,"exclamation by or on behalf of a victim of a cruel or unjust act, leaving the wrongdoer to God's judgement; condemns the act as grievous wrong",everyday,current,high,valid,[],[],False,False,False,False,appeal to divine judgement and retribution against the wrongdoer,,,calque,Arabic,,The phrase mirrors the Arabic formula ḥasbiya/ḥasbunā Allāh 'God suffices (for me/us)' and condemns the act by consigning the wrongdoer to God's judgement.,s1_hau_r1,s2_hau_r1
hau_r1_9,hau,Hausa,Afro-Asiatic,West Chadic,Africa,false,,1,9,ta'asa,,"atrocity, outrage","an atrocious, horrific act (e.g. a massacre or brutal crime)",everyday,current,medium,valid,[],[],False,False,False,False,,,,older_loanword,Arabic,,"An Arabic-derived noun for an atrocity or outrage, used as a plain condemnation.",s1_hau_r1,s2_hau_r1
hau_r1_10,hau,Hausa,Afro-Asiatic,West Chadic,Africa,false,,1,10,ƙeta,,"malice, spite","malicious wickedness, a spiteful cruel act ('mai ƙeta' = malicious person)",everyday,current,medium,valid,[],[],False,False,False,False,,,,native,,,"A native word for malice or spite, with no figurative basis.",s1_hau_r1,s2_hau_r1
hau_r1_11,hau,Hausa,Afro-Asiatic,West Chadic,Africa,false,,1,11,la'ananne (f. la'ananniya),,accursed one,"a damned, accursed, evil person; strong condemnation",slang_or_insult,current,medium,valid,[],[],False,False,False,False,"accursed, i.e. damned by God",,,older_loanword,Arabic,,"Built from Arabic laʿana 'curse' with Hausa participial morphology, it condemns the person as divinely cursed.",s1_hau_r1,s2_hau_r1
hau_r1_12,hau,Hausa,Afro-Asiatic,West Chadic,Africa,false,,1,12,dabba,,"animal, beast","insult for someone who acts brutally, without humanity",slang_or_insult,current,medium,valid,[],[],False,True,False,False,,,,older_loanword,Arabic,,"Calling someone 'beast', from Arabic dābba, is a direct animal comparison.",s1_hau_r1,s2_hau_r1
hau_r1_13,hau,Hausa,Afro-Asiatic,West Chadic,Africa,false,,1,13,fasiƙi,,"sinner, transgressor","a wicked, depraved evildoer",formal_or_literary,current,medium,valid,[],[],False,False,False,False,,,,older_loanword,Arabic,,"From Arabic fāsiq 'transgressor, sinner', this is a literal religious and moral condemnation.",s1_hau_r1,s2_hau_r1
hau_r1_14,hau,Hausa,Afro-Asiatic,West Chadic,Africa,false,,1,14,ɗan ta'adda,,son of atrocity / violence,"terrorist, violent criminal; one who commits atrocities",everyday,current,medium,valid,[],[],False,False,False,False,,,,native,,"ta'adda means 'transgression/violence' (from Arabic taʿaddā), not literally 'atrocity'; the phrase is mainly a label meaning 'terrorist/criminal' rather than an expression of moral outrage.",This is a Hausa agentive construction with ɗan 'son of' plus Arabic-derived ta'adda; the grammaticalised ɗan carries no real kinship metaphor.,s1_hau_r1,s2_hau_r1
hau_r1_15,hau,Hausa,Afro-Asiatic,West Chadic,Africa,false,,1,15,tsinanne (f. tsinanniya),,cursed one,"a cursed, wretched evil person; insult",slang_or_insult,current,low,valid,[],[],False,False,False,False,"cursed, damned",,,native,,,A passive participle of native tsine 'to curse' that condemns the person as accursed.,s1_hau_r1,s2_hau_r1
heb_r1_1,heb,Hebrew (Modern),Afro-Asiatic,Semitic,Eurasia,false,,1,1,אכזרי,akhzari,cruel,Cruel; said of a person or an act that deliberately causes suffering.,everyday,current,high,valid,[],[],False,False,False,False,,,,native,,,"A plain biblical adjective meaning 'cruel', with no figurative basis.",s1_heb_r1,s2_heb_r1
heb_r1_2,heb,Hebrew (Modern),Afro-Asiatic,Semitic,Eurasia,false,,1,2,מפלצת,mifletset,monster,A monster; a person who has done something horrifically cruel.,everyday,current,high,valid,[],[],False,False,True,False,,,,native,,,"Compares the person to a monster; the word goes back to a biblical term for a horrid thing, and its modern sense is 'monster'.",s1_heb_r1,s2_heb_r1
heb_r1_3,heb,Hebrew (Modern),Afro-Asiatic,Semitic,Eurasia,false,,1,3,רשע,rasha,wicked (one),"A wicked or evil person; also used as an adjective, 'evil, wicked'.",everyday,current,high,valid,[],[],False,False,False,False,,,,native,,,"A plain native word for a wicked person, with no figurative basis.",s1_heb_r1,s2_heb_r1
heb_r1_4,heb,Hebrew (Modern),Afro-Asiatic,Semitic,Eurasia,false,,1,4,מרושע,merusha,made-wicked / malicious,"Malicious, nasty, deliberately mean or evil.",everyday,current,high,valid,[],[],False,False,False,False,,,,native,,,"A participial derivative of the root r-sh-ʿ ('wicked'), used as a plain condemnation.",s1_heb_r1,s2_heb_r1
heb_r1_5,heb,Hebrew (Modern),Afro-Asiatic,Semitic,Eurasia,false,,1,5,אין לו אלוהים,ein lo elohim,there-is-not to-him God,He has no conscience or limits; said of someone who acts shamelessly or cruelly. Also used as the exclamation 'ein lekha elohim!' ('you have no God!').,everyday,current,high,valid,[],[],False,False,False,False,"lacking God, i.e. lacking religious or moral restraint and conscience",,,native,,Possibly influenced by similar Yiddish idioms.,"Condemns the person by saying they lack God, a metaphor for having no conscience; nothing denies their humanity.",s1_heb_r1,s2_heb_r1
heb_r1_6,heb,Hebrew (Modern),Afro-Asiatic,Semitic,Eurasia,false,,1,6,אין לו לב,ein lo lev,there-is-not to-him heart,He is heartless; he feels no compassion.,everyday,current,high,valid,[],[],False,False,False,False,"lacking a heart, the heart standing for compassion",,,native,,,"Negates the heart as the seat of compassion, not humanity.",s1_heb_r1,s2_heb_r1
heb_r1_7,heb,Hebrew (Modern),Afro-Asiatic,Semitic,Eurasia,false,,1,7,חסר לב,khasar lev,lacking heart,"Heartless, unfeeling, cruel.",everyday,current,medium,valid,[],[],False,False,False,False,"lacking a heart, the heart standing for compassion",,,native,,"In biblical Hebrew 'khasar lev' meant 'lacking sense, foolish'; the 'heartless' reading is a modern one.","A privative 'lacking' plus 'heart' expresses the absence of compassion, without any reference to humanity.",s1_heb_r1,s2_heb_r1
heb_r1_8,heb,Hebrew (Modern),Afro-Asiatic,Semitic,Eurasia,false,,1,8,זוועה,zva'a,horror,"An atrocity or horror, often in the phrase 'ma'ase zva'a' ('an atrocious act'); also an exclamation of revulsion at cruelty.",everyday,current,high,valid,[],[],False,False,False,False,,,,native,,,"A plain native noun for 'horror' or 'atrocity', expressing revulsion with no figurative basis.",s1_heb_r1,s2_heb_r1
heb_r1_9,heb,Hebrew (Modern),Afro-Asiatic,Semitic,Eurasia,false,,1,9,חיה,khaya,animal / beast,Said of a person who behaves brutally or inhumanly; '(he is) an animal'.,slang_or_insult,current,high,valid,[],[],False,True,False,False,,,,native,,,Calls the person an animal or beast.,s1_heb_r1,s2_heb_r1
heb_r1_10,heb,Hebrew (Modern),Afro-Asiatic,Semitic,Eurasia,false,,1,10,סדיסט,sadist,sadist,A sadist; someone who enjoys causing suffering.,everyday,current,high,valid,[],[],False,False,False,False,eponym from the Marquis de Sade,,,recent_loanword,European languages (French/German/English),,"An international loanword derived from the name of de Sade, used here as a label for a person who enjoys causing suffering.",s1_heb_r1,s2_heb_r1
heb_r1_11,heb,Hebrew (Modern),Afro-Asiatic,Semitic,Eurasia,false,,1,11,נבזה,nivze,despised / despicable,"Despicable, vile; said of a person or an act.",everyday,current,high,valid,[],[],False,False,False,False,,,,native,,,"A plain participle meaning 'despised, despicable', with no figurative basis.",s1_heb_r1,s2_heb_r1
heb_r1_12,heb,Hebrew (Modern),Afro-Asiatic,Semitic,Eurasia,false,,1,12,שפל,shafal,low / base,"Vile, base, morally low.",everyday,current,high,valid,[],[],False,False,False,False,spatial metaphor of lowness for moral baseness,,,native,,,The literal meaning 'low' is used metaphorically for moral baseness.,s1_heb_r1,s2_heb_r1
heb_r1_13,heb,Hebrew (Modern),Afro-Asiatic,Semitic,Eurasia,false,,1,13,שטן,satan,Satan / devil,A devil; an evil person.,everyday,current,medium,valid,[],[],False,False,True,False,,,,native,,,"Calls the person Satan or a devil, a supernatural being.",s1_heb_r1,s2_heb_r1
heb_r1_14,heb,Hebrew (Modern),Afro-Asiatic,Semitic,Eurasia,false,,1,14,מעשה נבלה,ma'ase nevala,deed (of) villainy,"A villainous, abominable deed.",formal_or_literary,current,high,valid,[],[],False,False,False,False,,,,native,,,"A biblical phrase meaning 'deed of villainy/outrage', used as a plain condemnation.",s1_heb_r1,s2_heb_r1
heb_r1_15,heb,Hebrew (Modern),Afro-Asiatic,Semitic,Eurasia,false,,1,15,בן בליעל,ben bliya'al,son (of) worthlessness / Belial,"A scoundrel or wicked, lawless person.",formal_or_literary,current,high,valid,[],[],False,False,False,False,"'son of' idiom marking membership in a category, here worthlessness ('Belial' is later also a demon name)",,,native,,,"A biblical idiom meaning 'son of worthlessness' (bliya'al, plausibly from 'without' + 'worth'); it negates worth, not humanity, and is not primarily understood as a comparison to a demon.",s1_heb_r1,s2_heb_r1
hin_r1_1,hin,Hindi,Indo-European,Indic,Eurasia,false,,1,1,ज़ालिम,zālim,"oppressor, tyrant (from Arabic, 'one who does injustice')","Cruel or tyrannical person. Also used as an adjective, 'cruel', for a person or act.",everyday,current,high,valid,[],[],False,False,False,False,,,,older_loanword,Arabic (via Persian),,"A plain term for an oppressor or tyrant, from Arabic ẓālim 'wrongdoer', with no figurative basis.",s1_hin_r1,s2_hin_r1
hin_r1_2,hin,Hindi,Indo-European,Indic,Eurasia,false,,1,2,बेरहम,beraham,without-mercy,"Merciless or pitiless. Describes a person or a deed, e.g. a brutal killing.",everyday,current,high,valid,[],[],False,False,False,False,,,,older_loanword,Persian,,"It negates mercy, not humanity, so it is a plain condemnation; it combines the Persian privative be- with Arabic raḥm.",s1_hin_r1,s2_hin_r1
hin_r1_3,hin,Hindi,Indo-European,Indic,Eurasia,false,,1,3,हैवान,haivān,"beast, animal","A person who has acted like a beast, a monster of cruelty. Common for perpetrators of rape, murder or abuse.",everyday,current,high,valid,[],[],False,True,False,False,,,,older_loanword,Arabic (via Persian),,"It literally means 'animal, beast' (Arabic ḥayawān) and likens the perpetrator to a beast.",s1_hin_r1,s2_hin_r1
hin_r1_4,hin,Hindi,Indo-European,Indic,Eurasia,false,,1,4,दरिंदा,darindā,"predatory wild beast, savage animal","A savage, monstrous person, especially a violent criminal. Very frequent in news headlines and speech.",everyday,current,high,valid,[],[],False,True,False,False,,,,older_loanword,Persian,,"It comes from Persian darranda 'tearing, predatory beast' and compares the person to a wild predator.",s1_hin_r1,s2_hin_r1
hin_r1_5,hin,Hindi,Indo-European,Indic,Eurasia,false,,1,5,राक्षस,rākṣas,demon (mythological),"A demonic, monstrously cruel or wicked person.",everyday,current,high,valid,[],[],False,False,True,False,,,,native,,,It is the Sanskrit-derived word for a mythological demon and likens the person to one.,s1_hin_r1,s2_hin_r1
hin_r1_6,hin,Hindi,Indo-European,Indic,Eurasia,false,,1,6,क्रूर,krūr,"cruel, harsh",Cruel or brutal (of a person or act). Standard and somewhat more formal or Sanskritic.,everyday,current,high,valid,[],[],False,False,False,False,,,,native,,,"It is a plain Sanskrit-derived adjective meaning 'cruel, harsh'.",s1_hin_r1,s2_hin_r1
hin_r1_7,hin,Hindi,Indo-European,Indic,Eurasia,false,,1,7,निर्दयी,nirdayī,without-compassion,Heartless or merciless person.,everyday,current,high,valid,[],[],False,False,False,False,,,,native,,,"It negates compassion (Sanskrit nir- + dayā), not humanity, so it is a plain condemnation.",s1_hin_r1,s2_hin_r1
hin_r1_8,hin,Hindi,Indo-European,Indic,Eurasia,false,,1,8,कमीना,kamīnā,"base, low, mean (one)","Despicable, vile wretch. A strong insult for someone who has done something wicked or treacherous.",slang_or_insult,current,high,valid,[],[],False,False,False,False,moral baseness expressed as lowness of rank,,,older_loanword,Persian,,"It comes from Persian kamīna 'low, mean' and condemns through a metaphor of lowness or base status.",s1_hin_r1,s2_hin_r1
hin_r1_9,hin,Hindi,Indo-European,Indic,Eurasia,false,,1,9,पापी,pāpī,"sinner, one with sin","Sinful, wicked person. Used to condemn someone for an evil act.",everyday,current,high,valid,[],[],False,False,False,False,,,,native,,,"It is a plain moral and religious term for 'sinner', from Sanskrit pāpin.",s1_hin_r1,s2_hin_r1
hin_r1_10,hin,Hindi,Indo-European,Indic,Eurasia,false,,1,10,शैतान,śaitān,"Satan, devil","Devilishly wicked person. Can also be used mildly for a naughty child, but is a serious condemnation when used of a cruel adult.",everyday,current,high,valid,[],[],False,False,True,False,,,,older_loanword,Arabic (via Persian),,It names Satan or the devil and likens the person to him.,s1_hin_r1,s2_hin_r1
hin_r1_11,hin,Hindi,Indo-European,Indic,Eurasia,false,,1,11,जल्लाद,jallād,"executioner, hangman","Utterly heartless, brutal person, e.g. an abusive husband or in-laws.",everyday,current,high,valid,[],[],False,False,False,False,"comparison to an executioner, a professional killer",,,older_loanword,Arabic (via Persian),,It compares the cruel person to a hangman or executioner.,s1_hin_r1,s2_hin_r1
hin_r1_12,hin,Hindi,Indo-European,Indic,Eurasia,false,,1,12,कसाई,kasāī,butcher,"Pitiless, brutal person who treats others without feeling.",everyday,current,medium,valid,[],[],False,False,False,False,comparison to a butcher who slaughters without feeling,,,older_loanword,Arabic (via Persian),,"It compares the person to a butcher (ultimately from Arabic qaṣṣāb), suggesting pitiless slaughter.",s1_hin_r1,s2_hin_r1
hin_r1_13,hin,Hindi,Indo-European,Indic,Eurasia,false,,1,13,पत्थरदिल,pattharadil,stone-heart(ed),"Heartless and unfeeling, cruel in indifference to suffering.",everyday,current,high,valid,[],[],False,False,False,False,"heart made of stone, i.e. insensibility",,,native,,,It is a Hindi compound of patthar 'stone' and Persian dil 'heart' that uses a stone-heart metaphor for lack of feeling.,s1_hin_r1,s2_hin_r1
hin_r1_14,hin,Hindi,Indo-European,Indic,Eurasia,false,,1,14,हैवानियत,haivāniyat,beastliness,"Monstrous cruelty, used of an act ('this is sheer beastliness'). Common in news and speech about atrocities.",everyday,current,high,valid,[],[],False,True,False,False,,,,older_loanword,Arabic (via Persian),,"It is the abstract noun 'animality, beastliness' from ḥayawān and characterises the act as beast-like.",s1_hin_r1,s2_hin_r1
hin_r1_15,hin,Hindi,Indo-European,Indic,Eurasia,false,,1,15,इंसानियत को शर्मसार करना,insāniyat ko śarmasār karnā,humanity (object marker) ashamed make,"To shame humanity. Said of an act so cruel it disgraces humankind, e.g. 'इंसानियत को शर्मसार करने वाली घटना' (an incident that shames humanity).",formal_or_literary,current,high,valid,[],[],False,False,False,False,the act brings disgrace upon all humankind,,,native,,Possibly modelled on the English 'shames humanity' in journalistic usage.,It mentions humanity but does not negate or exclude it; instead it presents the act as disgracing humankind.,s1_hin_r1,s2_hin_r1
hmo_r1_1,hmo,Hmong Njua,Hmong-Mien,Hmongic,Eurasia,false,,1,1,phem,,bad,"Bad, evil, wicked; said of a person or a deed, and intensified for extreme cases (e.g. 'phem kawg').",everyday,current,high,valid,[],[],False,False,False,False,,,,native,,,"A basic evaluative adjective meaning 'bad', used as a plain condemnation with no figurative basis.",s1_hmo_r1,s2_hmo_r1
hmo_r1_2,hmo,Hmong Njua,Hmong-Mien,Hmongic,Eurasia,false,,1,2,lim hiam,,"fierce, cruel","Cruel, vicious, brutal; describes a person or act that is merciless.",everyday,current,medium,valid,[],[],False,False,False,False,,,,native,,,"A lexicalized compound meaning 'cruel, vicious', used as a direct description with no comparison or humanity denial.",s1_hmo_r1,s2_hmo_r1
hmo_r1_3,hmo,Hmong Njua,Hmong-Mien,Hmongic,Eurasia,false,,1,3,siab phem,,liver bad,"Evil-hearted, malicious; a person with wicked intentions.",everyday,current,medium,valid,[],[],False,False,False,False,liver (siab) as the seat of intentions and emotions is bad,,,native,,,Uses the conventional Hmong liver-as-mind metaphor to locate wickedness in a person's inner disposition.,s1_hmo_r1,s2_hmo_r1
hmo_r1_4,hmo,Hmong Njua,Hmong-Mien,Hmongic,Eurasia,false,,1,4,siab dlub,,liver black,"Black-hearted; wicked, scheming and cruel.",everyday,current,low,valid,[],[],False,False,False,False,black liver (seat of mind): darkness/blackness as moral corruption,,,native,,"Possibly influenced by Chinese 黑心 'black heart', but plausibly native.",Combines the liver-as-mind metaphor with black colour symbolism for wickedness.,s1_hmo_r1,s2_hmo_r1
hmo_r1_5,hmo,Hmong Njua,Hmong-Mien,Hmongic,Eurasia,false,,1,5,ua phem,,do bad,To commit evil or cruel acts against someone; to abuse or harm.,everyday,current,medium,valid,[],[],False,False,False,False,,,,native,,,"Literally 'do bad', a plain verbal condemnation of harmful acts with no figurative basis.",s1_hmo_r1,s2_hmo_r1
hmo_r1_6,hmo,Hmong Njua,Hmong-Mien,Hmongic,Eurasia,false,,1,6,siab tawv,,liver hard,"Hard-hearted, pitiless; unmoved by others' suffering.",everyday,current,low,valid,[],[],False,False,False,False,hard liver (seat of feeling): hardness as insensitivity to suffering,,,native,,,Uses the liver-as-mind metaphor with physical hardness to depict pitilessness.,s1_hmo_r1,s2_hmo_r1
hun_r1_1,hun,Hungarian,Uralic,Ugric,Eurasia,false,,1,1,kegyetlen,,mercy-less,"cruel, merciless; said of a person or act",everyday,current,high,valid,[],[],False,False,False,False,,,,native,,,"Formed from kegy 'grace, mercy' plus the privative -etlen, it is a plain negation of mercy with no figurative basis.",s1_hun_r1,s2_hun_r1
hun_r1_2,hun,Hungarian,Uralic,Ugric,Eurasia,false,,1,2,gonosz,,evil,"wicked, evil; said of a person or deed",everyday,current,high,valid,[],[],False,False,False,False,,,,native,,,"A basic Hungarian adjective meaning 'evil, wicked', used as a plain moral condemnation.",s1_hun_r1,s2_hun_r1
hun_r1_3,hun,Hungarian,Uralic,Ugric,Eurasia,false,,1,3,aljas,,bottom/dregs-ish,"vile, base, despicable; a low, wicked act or person",everyday,current,high,valid,[],[],False,False,False,False,"lowness: derived from alj 'bottom, dregs, sediment'",,,native,,,"Derived from alj 'bottom, dregs', it condemns through the image of moral baseness or lowness.",s1_hun_r1,s2_hun_r1
hun_r1_4,hun,Hungarian,Uralic,Ugric,Eurasia,false,,1,4,állat,,animal,brute; insult for someone who acts brutally or savagely,slang_or_insult,current,high,valid,[],[],False,True,False,False,,,,native,,,Calling a person 'animal' directly likens them to a beast; the word is a native derivative of áll 'stand' from the language-reform era.,s1_hun_r1,s2_hun_r1
hun_r1_5,hun,Hungarian,Uralic,Ugric,Eurasia,false,,1,5,vadállat,,wild-animal,savage beast; a brutally cruel person,slang_or_insult,current,high,valid,[],[],False,True,False,False,,,,native,,,The native compound vad 'wild' + állat 'animal' compares the cruel person to a savage beast.,s1_hun_r1,s2_hun_r1
hun_r1_6,hun,Hungarian,Uralic,Ugric,Eurasia,false,,1,6,szörnyeteg,,monster,a monster; a person who commits horrific cruelty,everyday,current,high,valid,[],[],False,False,True,False,,,,native,,,It likens the person to a monster; the word is a native derivative related to szörny/szörnyű.,s1_hun_r1,s2_hun_r1
hun_r1_7,hun,Hungarian,Uralic,Ugric,Eurasia,false,,1,7,embertelen,,human-less,"inhuman, inhumane; a cruel act or treatment",everyday,current,high,valid,[],[],True,False,False,False,,literal,transparent,native,,"Possibly modelled on German unmenschlich or Latin inhumanus, but it is a regular native formation.","Formed from ember 'human' plus the privative -telen, it visibly and transparently denies the act or person humanity.",s1_hun_r1,s2_hun_r1
hun_r1_8,hun,Hungarian,Uralic,Ugric,Eurasia,false,,1,8,brutális,,brutal,"brutal, savagely violent",everyday,current,high,valid,[],[],False,False,False,False,"etymologically 'beast-like' (Latin brutalis, from brutus 'irrational, dull'), not perceived by Hungarian speakers",,,older_loanword,Latin (partly via German),,"An international Latinate loan whose animal sense lies only in its etymology, so speakers understand it as plain 'savagely violent'.",s1_hun_r1,s2_hun_r1
hun_r1_9,hun,Hungarian,Uralic,Ugric,Eurasia,false,,1,9,szívtelen,,heart-less,"heartless, without compassion",everyday,current,high,valid,[],[],False,False,False,False,"lacking a heart, the seat of compassion",,,native,,,"Formed from szív 'heart' plus the privative -telen, it uses the metaphor of lacking the organ of feeling.",s1_hun_r1,s2_hun_r1
hun_r1_10,hun,Hungarian,Uralic,Ugric,Eurasia,false,,1,10,gazember,,villain/weed-man,"scoundrel, villain; a wicked person",everyday,current,high,valid,[],[],False,False,False,False,"worthlessness: gaz 'weed, refuse' applied to a man",,,native,,,"The compound gaz 'weed, rubbish' + ember 'man' labels the person as worthless refuse, but it affirms rather than negates 'man'.",s1_hun_r1,s2_hun_r1
hun_r1_11,hun,Hungarian,Uralic,Ugric,Eurasia,false,,1,11,lelketlen,,soul-less,"soulless, callous, pitiless",everyday,current,high,valid,[],[],False,False,False,False,lacking a soul,,,native,,,"Formed from lélek 'soul' plus the privative -etlen, it condemns through the image of soullessness.",s1_hun_r1,s2_hun_r1
hun_r1_12,hun,Hungarian,Uralic,Ugric,Eurasia,false,,1,12,szadista,,sadist,sadist; someone who enjoys inflicting suffering,everyday,current,high,valid,[],[],False,False,False,False,eponymous/psychopathological label (from the Marquis de Sade),,,recent_loanword,German (ultimately French),,"A 20th-century international loan naming a pathological pleasure in cruelty, after de Sade.",s1_hun_r1,s2_hun_r1
hun_r1_13,hun,Hungarian,Uralic,Ugric,Eurasia,false,,1,13,ördögi,,devil-ish,"diabolical, fiendishly wicked",everyday,current,high,valid,[],[],False,False,True,False,,,,native,,,"Formed from ördög 'devil' plus the adjectival suffix -i, it likens the act to the devil's work.",s1_hun_r1,s2_hun_r1
hun_r1_14,hun,Hungarian,Uralic,Ugric,Eurasia,false,,1,14,elvetemült,,depraved (lit. 'thrown-away/fallen'),"depraved, morally corrupt; capable of heinous acts",formal_or_literary,current,high,valid,[],[],False,False,False,False,"warped/twisted (from vetemedik 'to warp', as wood does)",,,native,,,"A participle of elvetemedik 'to become warped', it presents moral corruption as a physical warping.",s1_hun_r1,s2_hun_r1
hun_r1_15,hun,Hungarian,Uralic,Ugric,Eurasia,false,,1,15,vérszomjas,,blood-thirsty,"bloodthirsty, eager for violence",everyday,current,high,valid,[],[],False,False,False,False,craving blood as if thirsting for it,,,native,,,The compound vér 'blood' + szomjas 'thirsty' uses the metaphor of a thirst for blood.,s1_hun_r1,s2_hun_r1
igb_r1_1,igb,Igbo,Niger-Congo,Igboid,Africa,false,,1,1,obi ọjọọ,,heart bad/evil,"wickedness, cruelty; a wicked disposition",everyday,current,high,valid,[],[],False,False,False,False,heart as the seat of moral disposition (a 'bad heart'),,,native,,,"Native compound locating wickedness in a bad heart, a body-part metonymy for character, with no human denial, animal, spirit or nature imagery.",s1_igb_r1,s2_igb_r1
igb_r1_2,igb,Igbo,Niger-Congo,Igboid,Africa,false,,1,2,onye obi ọjọọ,,person (of) heart bad,"a wicked, cruel person",everyday,current,high,valid,[],[],False,False,False,False,heart as the seat of moral disposition (a 'bad heart'),,,native,,,"Describes a person as having a bad heart, using the same heart metonymy; 'onye' affirms rather than denies personhood.",s1_igb_r1,s2_igb_r1
igb_r1_3,igb,Igbo,Niger-Congo,Igboid,Africa,false,,1,3,ajọ mmadụ,,bad person,a wicked or evil person,everyday,current,high,valid,[],[],False,False,False,False,,,,native,,,Plain evaluative phrase 'bad person'; it contains 'mmadụ' but does not negate it.,s1_igb_r1,s2_igb_r1
igb_r1_4,igb,Igbo,Niger-Congo,Igboid,Africa,false,,1,4,onye ọjọọ,,person bad/evil,"an evil person, a wrongdoer",everyday,current,high,valid,[],[],False,False,False,False,,,,native,,,Plain condemnation 'evil person' with no figurative basis.,s1_igb_r1,s2_igb_r1
igb_r1_5,igb,Igbo,Niger-Congo,Igboid,Africa,false,,1,5,arụ / alụ,,abomination,"an abominable act, an outrage against the land and custom; used to condemn shocking deeds",everyday,current,high,valid,[],[],False,False,False,True,violation of sacred taboo of the earth deity Ala,,,native,,,"Arụ denotes an abomination against the land (Ala) and the cosmic and natural order, framing the deed as a violation of nature and sacred taboo.",s1_igb_r1,s2_igb_r1
igb_r1_6,igb,Igbo,Niger-Congo,Igboid,Africa,false,,1,6,ọ rụrụ arụ,,he/she committed abomination,he/she has done something abominable or monstrous,everyday,current,high,valid,[],[],False,False,False,True,violation of sacred taboo of the earth deity Ala,,,native,,,"Verbal phrase 'committed arụ', which presents the act as an abomination against the land and the natural and cosmic order.",s1_igb_r1,s2_igb_r1
igb_r1_7,igb,Igbo,Niger-Congo,Igboid,Africa,false,,1,7,ihe arụ,,thing (of) abomination,"an abominable, horrific deed",everyday,current,medium,valid,[],[],False,False,False,True,violation of sacred taboo of the earth deity Ala,,,native,,,'Thing of abomination' carries the arụ notion of a violation of the earth's natural and sacred order.,s1_igb_r1,s2_igb_r1
igb_r1_8,igb,Igbo,Niger-Congo,Igboid,Africa,false,,1,8,nsọ ala,,taboo (of the) land,an act forbidden by the earth deity; a grave abomination,formal_or_literary,current,medium,valid,[],[],False,False,False,True,violation of sacred taboo of the earth deity Ala,,,native,,,"Literally 'taboo of the land', framing the act as an offence against the earth deity and the natural order.",s1_igb_r1,s2_igb_r1
igb_r1_9,igb,Igbo,Niger-Congo,Igboid,Africa,false,,1,9,ekwensu,,devil,called of a person: a devilishly wicked person,slang_or_insult,current,medium,valid,[],[],False,False,True,False,,,,native,,,"Calling a person Ekwensu (an indigenous trickster spirit, later equated with the Christian devil) likens them to a supernatural evil being.",s1_igb_r1,s2_igb_r1
igb_r1_10,igb,Igbo,Niger-Congo,Igboid,Africa,false,,1,10,anụ ọhịa,,animal (of the) bush,"a beast; called of a person: brutal, savage, inhuman",slang_or_insult,current,medium,valid,[],[],False,True,False,False,,,,native,,,'Bush animal' compares the person to a wild beast and contains no word for human.,s1_igb_r1,s2_igb_r1
igb_r1_11,igb,Igbo,Niger-Congo,Igboid,Africa,false,,1,11,ajọ omume,,bad deed/conduct,"wicked conduct, evil deeds",formal_or_literary,current,medium,valid,[],[],False,False,False,False,,,,native,,,Plain phrase 'bad conduct' with no figurative basis.,s1_igb_r1,s2_igb_r1
igb_r1_12,igb,Igbo,Niger-Congo,Igboid,Africa,false,,1,12,o nweghị ọmịiko,,he/she has no pity,"he/she is merciless, heartless",everyday,current,medium,valid,[],[],False,False,False,False,,,,native,,,"Negates pity rather than humanity, so it is a plain description of mercilessness.",s1_igb_r1,s2_igb_r1
igb_r1_13,igb,Igbo,Niger-Congo,Igboid,Africa,false,,1,13,mmụọ ọjọọ,,spirit evil,an evil spirit; said of a person who behaves with demonic wickedness,slang_or_insult,current,low,valid,[],[],False,False,True,False,,,,native,,,'Evil spirit' likens the person to a malevolent supernatural being.,s1_igb_r1,s2_igb_r1
ind_r1_1,ind,Indonesian,Austronesian,Malayo-Sumbawan,Papunesia,false,,1,1,jahat,,evil/bad,"Wicked or evil, said of a person or deed. It is the most general word for condemning malice.",everyday,current,high,valid,[],[],False,False,False,False,,,,native,,,"A basic Malay adjective for 'bad, evil' with no figurative basis.",s1_ind_r1,s2_ind_r1
ind_r1_2,ind,Indonesian,Austronesian,Malayo-Sumbawan,Papunesia,false,,1,2,kejam,,cruel,"Cruel or merciless, said of a person or act causing suffering.",everyday,current,high,valid,[],[],False,False,False,False,,,,native,,,"A plain native adjective meaning 'cruel', with no figurative imagery.",s1_ind_r1,s2_ind_r1
ind_r1_3,ind,Indonesian,Austronesian,Malayo-Sumbawan,Papunesia,false,,1,3,tega,,have the heart (to do something),"Heartless, able to do something cruel without pity. It is typical in exclamations such as 'Kok tega sih!' or 'Tega banget!'.",everyday,current,high,valid,[],[],False,False,False,False,"being able to bring oneself to do something, i.e. overcoming one's own pity",,,native,,,"It condemns someone as being able to bear doing a pitiless act; this is an emotional framing, not a dehumanizing one.",s1_ind_r1,s2_ind_r1
ind_r1_4,ind,Indonesian,Austronesian,Malayo-Sumbawan,Papunesia,false,,1,4,sadis,,sadistic,"Sadistic or brutally cruel, often of violent crimes or of people who enjoy inflicting pain.",everyday,current,high,valid,[],[],False,False,False,False,eponym from the Marquis de Sade (opaque to most speakers),,,recent_loanword,Dutch,,"Borrowed from Dutch sadistisch, which ultimately derives from de Sade's name; it has no animal, supernatural or humanity-denying element.",s1_ind_r1,s2_ind_r1
ind_r1_5,ind,Indonesian,Austronesian,Malayo-Sumbawan,Papunesia,false,,1,5,biadab,,without manners/civilization,"Barbaric or savage. It is a strong condemnation of atrocious, inhuman acts and of their perpetrators.",everyday,current,high,valid,[],[],False,False,False,False,lacking civilization/manners (barbarism),,,older_loanword,Persian/Arabic,,"It is composed of bi- 'without' and adab 'manners, civilization', so it negates civility rather than humanity.",s1_ind_r1,s2_ind_r1
ind_r1_6,ind,Indonesian,Austronesian,Malayo-Sumbawan,Papunesia,false,,1,6,keji,,vile/heinous,"Heinous or despicable, used especially of crimes such as murder or rape ('perbuatan keji').",everyday,current,high,valid,[],[],False,False,False,False,,,,native,,,"A plain adjective meaning 'vile, heinous', with no figurative basis.",s1_ind_r1,s2_ind_r1
ind_r1_7,ind,Indonesian,Austronesian,Malayo-Sumbawan,Papunesia,false,,1,7,bejat,,depraved/broken (morally),"Morally depraved or degenerate, often of sexual crimes or corrupt behaviour.",everyday,current,high,valid,[],[],False,False,False,False,morally broken/damaged,,,native,,,"It rests on the metaphor of something being broken or damaged, applied to moral character.",s1_ind_r1,s2_ind_r1
ind_r1_8,ind,Indonesian,Austronesian,Malayo-Sumbawan,Papunesia,false,,1,8,tidak punya hati,,not have heart,"Heartless, without any compassion.",everyday,current,high,valid,[],[],False,False,False,False,lacking a heart as the seat of compassion,,,native,,,"It negates 'heart' rather than humanity, which is a heartlessness metaphor.",s1_ind_r1,s2_ind_r1
ind_r1_9,ind,Indonesian,Austronesian,Malayo-Sumbawan,Papunesia,false,,1,9,keterlaluan,,excessive/gone beyond,"Outrageous, beyond the pale. It condemns an act as having gone too far.",everyday,current,high,valid,[],[],False,False,False,False,going beyond a limit,,,native,,,"It is derived from lalu 'pass', giving 'gone too far' and framing the act as crossing a boundary.",s1_ind_r1,s2_ind_r1
ind_r1_10,ind,Indonesian,Austronesian,Malayo-Sumbawan,Papunesia,false,,1,10,tidak berperikemanusiaan,,not having humaneness,"Inhumane, lacking all humanity. It is common in news and official condemnation.",formal_or_literary,current,high,valid,[],[],True,False,False,False,,literal,transparent,native,,,"It explicitly negates perikemanusiaan 'humaneness', which is built on manusia 'human'.",s1_ind_r1,s2_ind_r1
ind_r1_11,ind,Indonesian,Austronesian,Malayo-Sumbawan,Papunesia,false,,1,11,zalim,,unjust/oppressive (from Arabic),"Tyrannical or cruelly unjust, especially toward the weak. It has religious overtones.",everyday,current,high,valid,[],[],False,False,False,False,,,,older_loanword,Arabic,,"Borrowed from Arabic ẓālim 'unjust, oppressor', it is a plain condemnation.",s1_ind_r1,s2_ind_r1
ind_r1_12,ind,Indonesian,Austronesian,Malayo-Sumbawan,Papunesia,false,,1,12,iblis,,devil,"Devil, applied to a person as fiendishly evil (e.g., 'dasar iblis!').",slang_or_insult,current,medium,valid,[],[],False,False,True,False,,,,older_loanword,Arabic,,It calls the person a devil (Arabic Iblīs).,s1_ind_r1,s2_ind_r1
ind_r1_13,ind,Indonesian,Austronesian,Malayo-Sumbawan,Papunesia,false,,1,13,laknat,,curse/accursed (from Arabic),"Damned or accursed, an insult for someone who has done something abominable.",slang_or_insult,current,medium,valid,[],[],False,False,False,False,accursed (by God),,,older_loanword,Arabic,,"From Arabic laʿna 'curse', it condemns the person as divinely accursed.",s1_ind_r1,s2_ind_r1
ind_r1_14,ind,Indonesian,Austronesian,Malayo-Sumbawan,Papunesia,false,,1,14,bengis,,ferocious/cruel,"Ruthless or ferocious, of a cruel, hard-faced person or act.",formal_or_literary,current,high,valid,[],[],False,False,False,False,,,,native,,,"A plain native adjective meaning 'ruthless, ferocious', with no explicit comparison.",s1_ind_r1,s2_ind_r1
ind_r1_15,ind,Indonesian,Austronesian,Malayo-Sumbawan,Papunesia,false,,1,15,durjana,,evil person (from Sanskrit),Wicked or villainous person. It is mostly literary or dramatic.,formal_or_literary,current,medium,valid,[],[],False,False,False,False,,,,older_loanword,Sanskrit,,"From Sanskrit durjana 'bad person' (dur- 'bad' + jana 'person'), which qualifies the person as bad rather than negating personhood.",s1_ind_r1,s2_ind_r1
iri_r1_1,iri,Irish,Indo-European,Celtic,Eurasia,false,,1,1,cruálach,,cruel,"cruel, harsh; used of an act or a person",everyday,current,high,valid,[],[],False,False,False,False,,,,older_loanword,Anglo-Norman/Middle English,,"A plain adjective meaning 'cruel', built on cruálacht, a medieval borrowing of Anglo-Norman/English 'cruelty', with no figurative basis.",s1_iri_r1,s2_iri_r1
iri_r1_2,iri,Irish,Indo-European,Celtic,Eurasia,false,,1,2,olc,,"bad, evil","evil, wicked. As a noun it means 'evil, malice'; also used in 'Is olc an mhaise duit é' (it is bad of you).",everyday,current,high,valid,[],[],False,False,False,False,,,,native,,,"An inherited basic word meaning 'bad, evil', used as a plain condemnation.",s1_iri_r1,s2_iri_r1
iri_r1_3,iri,Irish,Indo-European,Celtic,Eurasia,false,,1,3,uafásach,,"horrible, terrible","terrible, appalling; condemns a dreadful act",everyday,current,high,valid,[],[],False,False,False,False,,,,native,,,"Derived from native uafás 'horror' (Old Irish úathbás), it condemns by the horror the act evokes, with no further figurative basis.",s1_iri_r1,s2_iri_r1
iri_r1_4,iri,Irish,Indo-European,Celtic,Eurasia,false,,1,4,gránna,,ugly,"nasty, vile, mean; used of a cruel deed or a nasty person (e.g. 'rud gránna', a nasty thing)",everyday,current,high,valid,[],[],False,False,False,False,physical ugliness or repulsiveness extended to moral vileness,,,native,,,A native word for 'ugly' (related to gráin 'loathing') that is applied metaphorically to nasty deeds and people.,s1_iri_r1,s2_iri_r1
iri_r1_5,iri,Irish,Indo-European,Celtic,Eurasia,false,,1,5,millteanach,,"destructive, ruinous","terrible, dreadful, shocking",everyday,current,high,valid,[],[],False,False,False,False,destructiveness or ruin as an image of dreadfulness,,,native,,,"Derived from native mill 'destroy, spoil', its literal sense 'ruinous' has been extended to 'dreadful, shocking'.",s1_iri_r1,s2_iri_r1
iri_r1_6,iri,Irish,Indo-European,Celtic,Eurasia,false,,1,6,drochdhuine,,bad-person,"a wicked, evil person",everyday,current,high,valid,[],[],False,False,False,False,,,,native,,,A native compound of droch- 'bad' and duine 'person' that calls someone a bad person without denying that they are a person.,s1_iri_r1,s2_iri_r1
iri_r1_7,iri,Irish,Indo-European,Celtic,Eurasia,false,,1,7,bithiúnach,,"scoundrel, villain","a villain, rogue or wicked person",slang_or_insult,current,high,valid,[],[],False,False,False,False,,,,native,,,"Traditionally derived from Old Irish bithbenach 'habitual offender', it is a plain term for a villain.",s1_iri_r1,s2_iri_r1
iri_r1_8,iri,Irish,Indo-European,Celtic,Eurasia,false,,1,8,gan trua gan taise,,without pity without compassion,"utterly pitiless, merciless; also 'Níl trua ná taise ann' (there is neither pity nor compassion in him)",everyday,current,high,valid,[],[],False,False,False,False,,,,native,,,"It negates pity and compassion, not humanity, so it is a plain condemnation by privation of feeling.",s1_iri_r1,s2_iri_r1
iri_r1_9,iri,Irish,Indo-European,Celtic,Eurasia,false,,1,9,brúidiúil,,"brutish, brutal","brutal, savage",everyday,current,high,valid,[],[],False,False,False,False,,,,older_loanword,English,"Marked animal false: brúid means 'brute, beast', so 'brute-like' is arguably an animal comparison, but in modern use brúidiúil is mostly a non-figurative 'brutal'.","Formed from brúid 'brute', borrowed from English (ultimately Latin brutus), it is used today mainly as a plain word for 'brutal'.",s1_iri_r1,s2_iri_r1
iri_r1_10,iri,Irish,Indo-European,Celtic,Eurasia,false,,1,10,danartha,,"Dane-like, i.e. barbarous","barbarous, inhumanly cruel",formal_or_literary,current,high,valid,[],[],False,False,False,False,comparison to the Danes (Viking raiders) as the archetype of barbarous cruelty,,,native,,,"Derived from Danar 'Danes, Vikings', it condemns cruelty by likening the person to historical barbarian invaders, and contains no word for 'human'.",s1_iri_r1,s2_iri_r1
iri_r1_11,iri,Irish,Indo-European,Celtic,Eurasia,false,,1,11,mallaithe,,cursed,"wicked, accursed, evil-natured; used of a person or deed",everyday,current,high,valid,[],[],False,False,False,False,being under a curse or damned,,,older_loanword,Latin,,"The participle of mallaigh 'curse', from mallacht (Latin maledictio), it presents the wicked person as accursed.",s1_iri_r1,s2_iri_r1
iri_r1_12,iri,Irish,Indo-European,Celtic,Eurasia,false,,1,12,urchóideach,,"harmful, injurious","malicious, malevolent, deliberately harmful",formal_or_literary,current,high,valid,[],[],False,False,False,False,,,,native,,,"Derived from native urchóid 'harm', it plainly describes malevolent harmfulness.",s1_iri_r1,s2_iri_r1
iri_r1_13,iri,Irish,Indo-European,Celtic,Eurasia,false,,1,13,mailíseach,,malicious,"malicious, spiteful",everyday,current,medium,valid,[],[],False,False,False,False,,,,older_loanword,English,,"A plain word for 'malicious', from mailís, borrowed from English/Anglo-Norman 'malice'.",s1_iri_r1,s2_iri_r1
iri_r1_14,iri,Irish,Indo-European,Celtic,Eurasia,false,,1,14,neamhthrócaireach,,un-merciful,"merciless, ruthless",formal_or_literary,current,high,valid,[],[],False,False,False,False,,,,native,,,"It negates mercy (trócaire) rather than humanity, so it is a plain condemnation.",s1_iri_r1,s2_iri_r1
iri_r1_15,iri,Irish,Indo-European,Celtic,Eurasia,false,,1,15,diabhalta,,devilish,"devilish, fiendish, wicked; also used as a weakened intensifier",everyday,current,medium,valid,[],[],False,False,True,False,,,,older_loanword,Latin,,"Derived from diabhal 'devil' (from Latin diabolus), it likens the person or act to a devil.",s1_iri_r1,s2_iri_r1
jpn_r1_1,jpn,Japanese,Japanese,Japanese,Eurasia,false,,1,1,ひどい（酷い）,hidoi,severe/terrible,"Cruel, awful, heartless. The most common everyday exclamation condemning an act or person, e.g. 'How cruel!'",everyday,current,high,valid,[],[],False,False,False,False,,,,native,,,"An everyday evaluative adjective, often derived from 非道 hidō 'contrary to the way', with no figurative basis perceived today.",s1_jpn_r1,s2_jpn_r1
jpn_r1_2,jpn,Japanese,Japanese,Japanese,Eurasia,false,,1,2,最低,saitei,most-low,"The lowest, the worst. Condemns a person or act as morally contemptible, e.g. 'You're the worst.'",everyday,current,high,valid,[],[],False,False,False,False,moral baseness as the lowest position on a scale,,,older_loanword,Chinese,,"A Sino-Japanese compound meaning 'lowest', which condemns through a vertical metaphor of worth rather than through humanity, animals or demons.",s1_jpn_r1,s2_jpn_r1
jpn_r1_3,jpn,Japanese,Japanese,Japanese,Eurasia,false,,1,3,残酷,zankoku,remaining/cruel-harsh,"Cruel or brutal. Used of acts, people, and situations.",everyday,current,high,valid,[],[],False,False,False,False,,,,older_loanword,Chinese,,A plain Sino-Japanese word for cruelty with no figurative basis.,s1_jpn_r1,s2_jpn_r1
jpn_r1_4,jpn,Japanese,Japanese,Japanese,Eurasia,false,,1,4,鬼,oni,ogre/demon,"Calling someone an ogre or demon for being heartlessly cruel, e.g. 鬼だ 'You're a demon!'. Often hyperbolic or jocular.",everyday,current,high,valid,[],[],False,False,True,False,,,,native,,,"Calls the person an oni (ogre/demon), a supernatural being; the word is native, though some trace it to Chinese 隠 on.",s1_jpn_r1,s2_jpn_r1
jpn_r1_5,jpn,Japanese,Japanese,Japanese,Eurasia,false,,1,5,人でなし,hitodenashi,person-not-being,An inhuman brute; someone without human feeling or decency.,slang_or_insult,current,high,valid,[],[],True,False,False,False,,literal,transparent,native,,,"Literally 'not being a person' (hito + de + nashi), an explicit and transparent denial of personhood.",s1_jpn_r1,s2_jpn_r1
jpn_r1_6,jpn,Japanese,Japanese,Japanese,Eurasia,false,,1,6,血も涙もない,chi mo namida mo nai,blood also tears also not-exist,Utterly heartless and pitiless; 'cold-blooded'.,everyday,current,high,valid,[],[],False,False,False,False,"lacking blood and tears, i.e. without warmth and compassion",,,native,,,"The idiom negates blood and tears as symbols of feeling, not humanity itself.",s1_jpn_r1,s2_jpn_r1
jpn_r1_7,jpn,Japanese,Japanese,Japanese,Eurasia,false,,1,7,悪魔,akuma,evil-demon,Devil; calling a person a devil for extreme wickedness or cruelty.,everyday,current,high,valid,[],[],False,False,True,False,,,,older_loanword,Chinese,,Compares the person to a devil; the word is a Buddhist Sino-Japanese term originally rendering Sanskrit Māra.,s1_jpn_r1,s2_jpn_r1
jpn_r1_8,jpn,Japanese,Japanese,Japanese,Eurasia,false,,1,8,鬼畜,kichiku,demon-beast,A brute or fiend; a person who does monstrously cruel or depraved things.,slang_or_insult,current,high,valid,[],[],False,True,True,False,,,,older_loanword,Chinese,,"Combines 鬼 'demon/hungry ghost' and 畜 'beast', from the Buddhist realms of ghosts and animals, so it is both supernatural and animal.",s1_jpn_r1,s2_jpn_r1
jpn_r1_9,jpn,Japanese,Japanese,Japanese,Eurasia,false,,1,9,人間のクズ,ningen no kuzu,human of scrap/trash,"Human scum; a morally worthless, despicable person.",slang_or_insult,current,high,valid,[],[],False,False,False,False,the person as trash or scrap,,,native,,,Contains 'human' but does not negate it; it calls the person the refuse of humanity.,s1_jpn_r1,s2_jpn_r1
jpn_r1_10,jpn,Japanese,Japanese,Japanese,Eurasia,false,,1,10,冷酷,reikoku,cold-harsh,"Cold-hearted, ruthless, pitiless.",everyday,current,high,valid,[],[],False,False,False,False,coldness as lack of compassion,,,older_loanword,Chinese,,'Cold-harsh' uses a temperature metaphor for pitilessness.,s1_jpn_r1,s2_jpn_r1
jpn_r1_11,jpn,Japanese,Japanese,Japanese,Eurasia,false,,1,11,残忍,zannin,remaining/cruel-endure,"Brutal, savage, merciless. Often used of violent crimes.",formal_or_literary,current,high,valid,[],[],False,False,False,False,,,,older_loanword,Chinese,,A plain Sino-Japanese word for brutality.,s1_jpn_r1,s2_jpn_r1
jpn_r1_12,jpn,Japanese,Japanese,Japanese,Eurasia,false,,1,12,残虐,zangyaku,cruel-tyrannize,"Atrocious, brutal. Used of atrocities and brutal acts, common in news.",formal_or_literary,current,high,valid,[],[],False,False,False,False,,,,older_loanword,Chinese,,A plain Sino-Japanese word for atrocity.,s1_jpn_r1,s2_jpn_r1
jpn_r1_13,jpn,Japanese,Japanese,Japanese,Eurasia,false,,1,13,外道,gedō,outside-path (heresy),A villain or fiend; a person who has abandoned all morality. A strong insult.,slang_or_insult,current,high,valid,[],[],False,False,False,False,being outside the true (Buddhist) path; heresy as moral deviance,,,older_loanword,Chinese,,"A Buddhist term for non-Buddhist teachings, extended to someone who has strayed from the right way.",s1_jpn_r1,s2_jpn_r1
jpn_r1_14,jpn,Japanese,Japanese,Japanese,Eurasia,false,,1,14,極悪非道,gokuaku hidō,extreme-evil not-way,Utterly villainous and inhuman; heinous.,formal_or_literary,current,high,valid,[],[],False,False,False,False,departing from the moral way (非道 'not the way'),,,native,,,"A Sino-Japanese four-character compound that negates 'the way', not 'human', so it condemns deviation from morality.",s1_jpn_r1,s2_jpn_r1
jpn_r1_15,jpn,Japanese,Japanese,Japanese,Eurasia,false,,1,15,鬼の所業,oni no shogyō,demon of deed,A demon's deed; an act so cruel that no human should do it. Often hyperbolic.,everyday,current,medium,valid,[],[],False,False,True,False,,,,native,,,"Calls the act a deed of an oni, a supernatural demon.",s1_jpn_r1,s2_jpn_r1
knd_r1_1,knd,Kannada,Dravidian,Dravidian,Eurasia,false,,1,1,ಕ್ರೂರ,krūra,cruel,Cruel or merciless. Describes a person or an act (e.g. ಕ್ರೂರ ಮನುಷ್ಯ 'cruel man').,everyday,current,high,valid,[],[],False,False,False,False,,,,older_loanword,Sanskrit,,Plain Sanskrit tatsama adjective meaning 'cruel' with no figurative basis.,s1_knd_r1,s2_knd_r1
knd_r1_2,knd,Kannada,Dravidian,Dravidian,Eurasia,false,,1,2,ರಾಕ್ಷಸ,rākṣasa,demon (mythological ogre),A monstrously cruel person. Also used adjectivally (ರಾಕ್ಷಸ ಕೃತ್ಯ 'monstrous act').,everyday,current,high,valid,[],[],False,False,True,False,,,,older_loanword,Sanskrit,,"Compares the person or act to a rākṣasa, a mythological demon.",s1_knd_r1,s2_knd_r1
knd_r1_3,knd,Kannada,Dravidian,Dravidian,Eurasia,false,,1,3,ಪಾಪಿ,pāpi,sinner (one having sin),A wicked wretch. A common exclamation of condemnation for someone who did something heinous.,everyday,current,high,valid,[],[],False,False,False,False,,,,older_loanword,Sanskrit,,"Direct religious-moral condemnation as a sinner, with no comparison or metaphor.",s1_knd_r1,s2_knd_r1
knd_r1_4,knd,Kannada,Dravidian,Dravidian,Eurasia,false,,1,4,ದುಷ್ಟ,duṣṭa,"wicked, evil","Wicked or evil, of a person or deed (ದುಷ್ಟ 'evil one').",everyday,current,high,valid,[],[],False,False,False,False,,,,older_loanword,Sanskrit,,"Plain Sanskrit-derived term for 'wicked, evil' without figurative basis.",s1_knd_r1,s2_knd_r1
knd_r1_5,knd,Kannada,Dravidian,Dravidian,Eurasia,false,,1,5,ನೀಚ,nīca,"low, base","A vile, despicable person or act.",slang_or_insult,current,high,valid,[],[],False,False,False,False,lowness/baseness (vertical moral metaphor),,,older_loanword,Sanskrit,,"Literally 'low', condemning through a metaphor of low position or rank.",s1_knd_r1,s2_knd_r1
knd_r1_6,knd,Kannada,Dravidian,Dravidian,Eurasia,false,,1,6,ಕಟುಕ,kaṭuka,butcher,"A heartless, brutal person who shows no mercy.",everyday,current,high,valid,[],[],False,False,False,False,comparison to a butcher (occupation associated with killing without pity),,,unknown,,Etymology uncertain; possibly native or linked to Sanskrit kaṭuka 'harsh'.,Likens the cruel person to a butcher who slaughters without mercy.,s1_knd_r1,s2_knd_r1
knd_r1_7,knd,Kannada,Dravidian,Dravidian,Eurasia,false,,1,7,ಪೈಶಾಚಿಕ ಕೃತ್ಯ,paiśācika kṛtya,fiendish (of a piśāca ghoul) deed,"A fiendish, diabolical act. Very common in news reports of atrocities.",formal_or_literary,current,high,valid,[],[],False,False,True,False,,,,older_loanword,Sanskrit,,"Characterises the deed as belonging to a piśāca, a flesh-eating ghoul or fiend.",s1_knd_r1,s2_knd_r1
knd_r1_8,knd,Kannada,Dravidian,Dravidian,Eurasia,false,,1,8,ಅಮಾನವೀಯ,amānavīya,not-human-like,"Inhuman or inhumane, of an act or treatment.",formal_or_literary,current,high,valid,[],[],True,False,False,False,,literal,transparent,calque,English,,"Visibly composed of a- 'not' + mānavīya 'human', a modern Sanskrit-based rendering of English 'inhuman'.",s1_knd_r1,s2_knd_r1
knd_r1_9,knd,Kannada,Dravidian,Dravidian,Eurasia,false,,1,9,ಹೀನ ಕೃತ್ಯ,hīna kṛtya,low/base deed,"A vile, contemptible act.",formal_or_literary,current,high,valid,[],[],False,False,False,False,lowness/baseness (vertical moral metaphor),,,older_loanword,Sanskrit,,"Condemns the deed as 'low' or 'base', a metaphor of low position.",s1_knd_r1,s2_knd_r1
knd_r1_10,knd,Kannada,Dravidian,Dravidian,Eurasia,false,,1,10,ಕಲ್ಲು ಹೃದಯ,kallu hṛdaya,stone heart,"Stone-hearted, pitiless. Also used as ಕಲ್ಲು ಹೃದಯದವನು 'one with a stone heart'.",everyday,current,high,valid,[],[],False,False,False,False,"heart of stone (hardness, unfeelingness)",,,native,,,"Kannada compound of native kallu 'stone' and hṛdaya 'heart', depicting a person whose heart is as hard and unfeeling as stone.",s1_knd_r1,s2_knd_r1
knd_r1_11,knd,Kannada,Dravidian,Dravidian,Eurasia,false,,1,11,ಪಾಪಿಷ್ಠ,pāpiṣṭha,most sinful,"An utterly wicked, sinful person. Stronger than ಪಾಪಿ.",everyday,current,medium,valid,[],[],False,False,False,False,,,,older_loanword,Sanskrit,,"Superlative of 'sinful', a direct moral-religious condemnation.",s1_knd_r1,s2_knd_r1
knd_r1_12,knd,Kannada,Dravidian,Dravidian,Eurasia,false,,1,12,ಹೃದಯಹೀನ,hṛdayahīna,heart-lacking,"Heartless or callous, of a person or act.",formal_or_literary,current,medium,valid,[],[],False,False,False,False,lacking a heart (heart as seat of compassion),,,older_loanword,Sanskrit,Possibly a modern Sanskrit-based calque of English 'heartless'.,"Negates the heart, not humanity, so it is a heartlessness metaphor.",s1_knd_r1,s2_knd_r1
knd_r1_13,knd,Kannada,Dravidian,Dravidian,Eurasia,false,,1,13,ಚಾಂಡಾಲ,cāṇḍāla,outcaste (historically a caste term),"A wretched, wicked scoundrel. A harsh insult with casteist origins.",slang_or_insult,current,medium,valid,[],[],False,False,False,False,caste-based slur: likened to an outcaste (social exclusion and impurity),,,older_loanword,Sanskrit,,"Condemns by comparison with a stigmatised outcaste group, not by denying humanity.",s1_knd_r1,s2_knd_r1
knd_r1_14,knd,Kannada,Dravidian,Dravidian,Eurasia,false,,1,14,ಕಿರಾತಕ,kirātaka,Kirāta (forest hunter tribe) person,A ruthless brute or savage person. Colloquial insult.,slang_or_insult,current,medium,valid,[],[],False,False,False,False,ethnic/tribal slur: likened to a 'savage' forest-dwelling hunter,,,older_loanword,Sanskrit,,"Compares the person to the Kirāta forest tribe, stereotyped as savage.",s1_knd_r1,s2_knd_r1
knd_r1_15,knd,Kannada,Dravidian,Dravidian,Eurasia,false,,1,15,ಮೃಗೀಯ,mṛgīya,beast-like,"Bestial or savage, of behaviour or an act (ಮೃಗೀಯ ವರ್ತನೆ 'bestial conduct').",formal_or_literary,current,medium,valid,[],[],False,True,False,False,,,,older_loanword,Sanskrit,May be a modern Sanskrit-based rendering of English 'bestial'.,"Derived from mṛga 'beast', comparing the behaviour to that of wild animals.",s1_knd_r1,s2_knd_r1
kha_r1_1,kha,Khalkha,Altaic,Mongolic,Eurasia,false,,1,1,харгис хэрцгий,khargis khertsgii,cruel/tyrannical brutal,"Extremely cruel and brutal. A fixed paired compound used of acts, regimes or people.",everyday,current,high,valid,[],[],False,False,False,False,,,,native,,,"A paired compound of two plain adjectives meaning 'cruel/tyrannical' and 'brutal', with no figurative basis.",s1_kha_r1,s2_kha_r1
kha_r1_2,kha,Khalkha,Altaic,Mongolic,Eurasia,false,,1,2,хэрцгий,khertsgii,"brutal, cruel","Cruel or brutal, of a person or deed.",everyday,current,high,valid,[],[],False,False,False,False,,,,native,,,"A plain adjective meaning 'brutal, cruel'.",s1_kha_r1,s2_kha_r1
kha_r1_3,kha,Khalkha,Altaic,Mongolic,Eurasia,false,,1,3,харгис,khargis,"cruel, tyrannical","Cruel or tyrannical, often implying abuse of power.",everyday,current,high,valid,[],[],False,False,False,False,,,,native,,,"A plain adjective meaning 'cruel, tyrannical'.",s1_kha_r1,s2_kha_r1
kha_r1_4,kha,Khalkha,Altaic,Mongolic,Eurasia,false,,1,4,араатан,araatan,"wild beast, predator","A beast. Said of a person who has committed savage, inhuman acts.",slang_or_insult,current,high,valid,[],[],False,True,False,False,,,,native,,,"Calls the person a predatory beast (literally 'one with fangs', from араа 'fang/molar'), which is an animal comparison.",s1_kha_r1,s2_kha_r1
kha_r1_5,kha,Khalkha,Altaic,Mongolic,Eurasia,false,,1,5,хүнлэг бус,khünleg bus,humane not,"Inhumane, of an act or treatment.",formal_or_literary,current,high,valid,[],[],True,False,False,False,,literal,transparent,calque,Russian,"It may instead be a native formation, though it is plausibly modelled on Russian бесчеловечный/негуманный.",хүнлэг 'humane' (from хүн 'person') is overtly negated with бус 'not'.,s1_kha_r1,s2_kha_r1
kha_r1_6,kha,Khalkha,Altaic,Mongolic,Eurasia,false,,1,6,муу санаат,muu sanaat,bad thought-having,"Evil-minded, malicious, wicked.",everyday,current,high,valid,[],[],False,False,False,False,,,,native,,,"A literal description, 'having bad thoughts', with no figurative basis.",s1_kha_r1,s2_kha_r1
kha_r1_7,kha,Khalkha,Altaic,Mongolic,Eurasia,false,,1,7,хорон санаат,khoron sanaat,poisonous thought-having,"Malicious, venomous, deliberately wicked.",everyday,current,high,valid,[],[],False,False,False,False,poison metaphor: malicious intent as venomous,,,native,,,"It describes the intentions as 'poisonous', a figurative image that does not fit the other categories.",s1_kha_r1,s2_kha_r1
kha_r1_8,kha,Khalkha,Altaic,Mongolic,Eurasia,false,,1,8,балмад,balmad,"savage, brutish","Savage, barbaric, reckless in violence.",everyday,current,high,valid,[],[],False,False,False,False,,,,native,,,"A plain adjective meaning 'savage, reckless, brutish', with no transparent figurative component.",s1_kha_r1,s2_kha_r1
kha_r1_9,kha,Khalkha,Altaic,Mongolic,Eurasia,false,,1,9,зэрлэг,zerleg,wild,"Savage or barbaric, of a brutal act or person.",everyday,current,high,valid,[],[],False,False,False,False,"wildness: untamed, uncivilized state",,,native,,,"The word extends 'wild' (as in wild animals or plants) to an untamed, barbaric person, but it does not explicitly compare the person to an animal.",s1_kha_r1,s2_kha_r1
kha_r1_10,kha,Khalkha,Altaic,Mongolic,Eurasia,false,,1,10,өршөөлгүй,örshöölgüi,mercy-without,"Merciless, pitiless.",everyday,current,high,valid,[],[],False,False,False,False,,,,native,,,"'Mercy-without' negates mercy rather than humanity, so it is a plain condemnation.",s1_kha_r1,s2_kha_r1
kha_r1_11,kha,Khalkha,Altaic,Mongolic,Eurasia,false,,1,11,мангас,mangas,"ogre, many-headed monster (of folklore)",A monster. Said of a person who did something monstrous.,slang_or_insult,current,medium,valid,[],[],False,False,True,False,,,,native,,,Compares the person to the many-headed ogre of folklore.,s1_kha_r1,s2_kha_r1
kha_r1_12,kha,Khalkha,Altaic,Mongolic,Eurasia,false,,1,12,хүний мөсгүй,khünii mösgüi,human's decency-without,"Lacking basic human decency or conscience. Heartless, inhuman.",everyday,current,medium,valid,[],[],True,False,False,False,,literal,transparent,native,,,"It overtly contains хүний 'of a human' together with the privative -гүй, denying the person a basic human quality.",s1_kha_r1,s2_kha_r1
kha_r1_13,kha,Khalkha,Altaic,Mongolic,Eurasia,false,,1,13,чөтгөр,chötgör,"devil, demon",A devil. Used as an insult for a wicked person.,slang_or_insult,current,medium,valid,[],[],False,False,True,False,,,,older_loanword,Old Uyghur,The etymology of Middle Mongolian čidkür is uncertain; it may be a borrowing via Uyghur.,Calls the person a devil or demon.,s1_kha_r1,s2_kha_r1
kha_r1_14,kha,Khalkha,Altaic,Mongolic,Eurasia,false,,1,14,шулам,shulam,"demon, evil spirit, witch","A demon or witch. Used as an insult for a wicked, malevolent person.",slang_or_insult,current,medium,valid,[],[],False,False,True,False,,,,unknown,,,"Compares the person to a demon, evil spirit or witch.",s1_kha_r1,s2_kha_r1
kha_r1_15,kha,Khalkha,Altaic,Mongolic,Eurasia,false,,1,15,нүгэлтэй,nügeltei,sin-having,"Sinful, wicked. Said of a deed felt to be morally abhorrent, e.g. 'нүгэлтэй хэрэг'.",everyday,current,medium,valid,[],[],False,False,False,False,religious sin (Buddhist moral transgression),,,native,,,Condemns the deed by framing it as sinful in religious terms.,s1_kha_r1,s2_kha_r1
khs_r1_1,khs,Khasi,Austro-Asiatic,Khasian,Eurasia,false,,1,1,sniew,,"bad, evil","Bad, evil, wicked. Used of a person or a deed, e.g. 'u briew uba sniew' (an evil person).",everyday,current,high,valid,[],[],False,False,False,False,,,,native,,,"A basic native adjective meaning 'bad, evil' with no figurative basis.",s1_khs_r1,s2_khs_r1
khs_r1_2,khs,Khasi,Austro-Asiatic,Khasian,Eurasia,false,,1,2,bymman,,not-good,"Bad, wicked, immoral. Applied to people or acts, and somewhat stronger than plain 'not good' when used of conduct.",everyday,current,medium,valid,[],[],False,False,False,False,,,,native,,,The native negator bym plus a word for 'good/proper' gives a plain condemnation; nothing human is negated.,s1_khs_r1,s2_khs_r1
khs_r1_3,khs,Khasi,Austro-Asiatic,Khasian,Eurasia,false,,1,3,nongleh sniew,,agent-do bad,"Evil-doer, a wicked person who does harm.",everyday,current,medium,valid,[],[],False,False,False,False,,,,native,,,"A literal native agentive compound, 'one who does evil', with no figurative basis.",s1_khs_r1,s2_khs_r1
khs_r1_4,khs,Khasi,Austro-Asiatic,Khasian,Eurasia,false,,1,4,jingleh sniew,,nominaliser-do bad,"An evil or wicked deed, a misdeed.",everyday,current,medium,valid,[],[],False,False,False,False,,,,native,,,"A literal native nominalisation, 'evil doing', with no figurative basis.",s1_khs_r1,s2_khs_r1
khs_r1_5,khs,Khasi,Austro-Asiatic,Khasian,Eurasia,false,,1,5,ksuid,,"demon, evil spirit, devil",Devil or demon. Used as an insult for a person who behaves with diabolical cruelty or wickedness.,slang_or_insult,current,medium,valid,[],[],False,False,True,False,,,,native,,,"Calling a person a ksuid (demon, evil spirit) compares them to a supernatural being.",s1_khs_r1,s2_khs_r1
khs_r1_6,khs,Khasi,Austro-Asiatic,Khasian,Eurasia,false,,1,6,mrad,,"animal, beast",Beast. Used insultingly of someone who acts brutally or inhumanly.,slang_or_insult,current,medium,valid,[],[],False,True,False,False,,,,native,,,Calling a person mrad ('beast') compares them to an animal.,s1_khs_r1,s2_khs_r1
khs_r1_7,khs,Khasi,Austro-Asiatic,Khasian,Eurasia,false,,1,7,bym don jingisynei,,not have love/compassion,"Merciless, without compassion. Said of a cruel person or act.",everyday,current,medium,valid,[],[],False,False,False,False,,,,native,,,"It negates compassion rather than humanity, making it a plain literal condemnation.",s1_khs_r1,s2_khs_r1
khs_r1_8,khs,Khasi,Austro-Asiatic,Khasian,Eurasia,false,,1,8,nongleh pop,,agent-do sin,"Sinner, wrongdoer. Has a moral/religious condemnatory tone.",formal_or_literary,current,medium,valid,[],[],False,False,False,False,,,,older_loanword,Bengali (ultimately Sanskrit pāpa),The compound is native-formed; only pop 'sin' is borrowed.,"A literal agentive compound, 'one who does sin', built on the Indic loan pop; it is a moral-religious condemnation with no figurative basis.",s1_khs_r1,s2_khs_r1
khs_r1_9,khs,Khasi,Austro-Asiatic,Khasian,Eurasia,false,,1,9,eh mynsiem,,hard heart/spirit,"Hard-hearted, pitiless.",everyday,current,low,valid,[],[],False,False,False,False,hardness of the heart/spirit as a metaphor for pitilessness,,,native,,,"It describes the person through the metaphor of a 'hard heart/spirit' (eh mynsiem) rather than any comparison with animals, demons or nature.",s1_khs_r1,s2_khs_r1
khm_r1_1,khm,Khmer,Austro-Asiatic,Khmer,Eurasia,false,,1,1,សាហាវ,sahav,fierce/savage,"Cruel, vicious, brutal. Used of people, animals and acts. The most common everyday word for cruelty.",everyday,current,high,valid,[],[],False,False,False,False,,,,unknown,,"Sometimes linked to Sanskrit sāhasa 'violence', but this is uncertain.","This is a plain adjective for ferocity and cruelty, applied equally to animals and people, and the word itself carries no figurative basis.",s1_khm_r1,s2_khm_r1
khm_r1_2,khm,Khmer,Austro-Asiatic,Khmer,Eurasia,false,,1,2,ឃោរឃៅ,khaor khau,cruel-brutal (paired compound),"Atrocious, brutally cruel. Common for killings, abuse and regimes.",everyday,current,high,valid,[],[],False,False,False,False,,,,older_loanword,Pali/Sanskrit,Only the first element ឃោរ is from Pali/Sanskrit ghora 'terrible'; the second element ឃៅ is a native-style paired element.,"This is a plain paired compound meaning atrocious or brutal, with no figurative comparison.",s1_khm_r1,s2_khm_r1
khm_r1_3,khm,Khmer,Austro-Asiatic,Khmer,Eurasia,false,,1,3,អាក្រក់,akrak,bad,"Bad, evil, wicked. A general condemnation of a person or act.",everyday,current,high,valid,[],[],False,False,False,False,,,,native,,,"This is the basic native word for 'bad', a general condemnation with no figurative basis.",s1_khm_r1,s2_khm_r1
khm_r1_4,khm,Khmer,Austro-Asiatic,Khmer,Eurasia,false,,1,4,ចិត្តអាក្រក់,chet akrak,heart bad,"Wicked-hearted, malicious.",everyday,current,high,valid,[],[],False,False,False,False,,,,native,,,"It combines the ordinary 'heart/mind as seat of character' construction with 'bad', making it a plain evaluative compound.",s1_khm_r1,s2_khm_r1
khm_r1_5,khm,Khmer,Austro-Asiatic,Khmer,Eurasia,false,,1,5,កំណាច,kamnach,wicked/malicious,"Wicked, mean, malicious. Describes someone who deliberately harms others.",everyday,current,high,valid,[],[],False,False,False,False,,,,native,,,"This is a plain native word for malicious wickedness, with no figurative imagery.",s1_khm_r1,s2_khm_r1
khm_r1_6,khm,Khmer,Austro-Asiatic,Khmer,Eurasia,false,,1,6,ចិត្តសាហាវ,chet sahav,heart fierce,"Cruel-hearted, vicious by nature.",everyday,current,high,valid,[],[],False,False,False,False,,,,native,,,"It is the 'heart' character construction plus 'fierce', a plain evaluative compound.",s1_khm_r1,s2_khm_r1
khm_r1_7,khm,Khmer,Austro-Asiatic,Khmer,Eurasia,false,,1,7,ព្រៃផ្សៃ,prey phsai,wild/forest + savage,"Barbaric, savage. Used of atrocious acts. Frequently combined as ឃោរឃៅព្រៃផ្សៃ.",formal_or_literary,current,high,valid,[],[],False,False,False,False,"wildness of the forest, i.e. uncivilized savagery",,,native,,,"The element ព្រៃ 'forest/wild' frames cruelty as belonging to untamed wilderness, as opposed to civilization, without naming an animal.",s1_khm_r1,s2_khm_r1
khm_r1_8,khm,Khmer,Austro-Asiatic,Khmer,Eurasia,false,,1,8,ចិត្តដាច់,chet dach,heart severed,"Heartless, merciless, able to do cruel things without pity.",everyday,current,medium,valid,[],[],False,False,False,False,severed heart (cut-off feeling),,,native,,,"Cruelty is pictured as a heart that has been cut off from compassion; this negates feeling, not humanity.",s1_khm_r1,s2_khm_r1
khm_r1_9,khm,Khmer,Austro-Asiatic,Khmer,Eurasia,false,,1,9,ចិត្តខ្មៅ,chet khmau,heart black,"Black-hearted, evil-minded.",everyday,current,medium,valid,[],[],False,False,False,False,black heart (darkness/colour metaphor),,,native,,,Wickedness is figured through the colour black applied to the heart.,s1_khm_r1,s2_khm_r1
khm_r1_10,khm,Khmer,Austro-Asiatic,Khmer,Eurasia,false,,1,10,អមនុស្ស,amanuh,non-human,Inhuman. Used of a person who commits monstrous acts.,formal_or_literary,current,medium,valid,[],[],True,False,False,False,,literal,transparent,older_loanword,Pali,"In Pali, amanussa also denotes non-human beings such as spirits and demons, so a supernatural connotation may be present.","It consists of the privative prefix អ- plus មនុស្ស 'human', literally 'non-human', and មនុស្ស is a word every speaker recognizes.",s1_khm_r1,s2_khm_r1
khm_r1_11,khm,Khmer,Austro-Asiatic,Khmer,Eurasia,false,,1,11,គ្មានមនុស្សធម៌,kmean manuhsa thor,without human-dharma (humaneness),"Inhumane, lacking any humanity.",formal_or_literary,current,high,valid,[],[],True,False,False,False,,literal,transparent,native,,The noun មនុស្សធម៌ 'humanity' may be a modern coinage modelled on French humanité.,"The native negator គ្មាន 'without' is combined with មនុស្សធម៌ 'humanity', explicitly stating a lack of humanity.",s1_khm_r1,s2_khm_r1
khm_r1_12,khm,Khmer,Austro-Asiatic,Khmer,Eurasia,false,,1,12,ចិត្តសត្វ,chet sat,heart animal,"Bestial-hearted, beastly. An insulting condemnation of a cruel person.",slang_or_insult,current,medium,valid,[],[],False,True,False,False,,,,native,,,It attributes an animal's heart or mind (សត្វ 'animal') to the cruel person.,s1_khm_r1,s2_khm_r1
khm_r1_13,khm,Khmer,Austro-Asiatic,Khmer,Eurasia,false,,1,13,អាមារ,a mear,(contemptuous prefix) + devil/Mara,"Devil, evil wretch. An insult for a wicked person.",slang_or_insult,current,medium,valid,[],[],False,False,True,False,,,,native,,"The element មារ is ultimately from Pali Māra, but the insult is formed in Khmer with the contemptuous prefix អា.","It labels the person as Mara, the Buddhist devil, a supernatural evil being.",s1_khm_r1,s2_khm_r1
khm_r1_14,khm,Khmer,Austro-Asiatic,Khmer,Eurasia,false,,1,14,ពាលា,peala,fool/wicked person (from Pali bāla),"Wicked, thuggish, malevolent person; evil-doer.",everyday,current,medium,valid,[],[],False,False,False,False,,,,older_loanword,Pali,,"This is a Pali loan (bāla 'fool') whose meaning shifted to 'wicked thug', and it is used as a plain condemnation with no figurative image.",s1_khm_r1,s2_khm_r1
khm_r1_15,khm,Khmer,Austro-Asiatic,Khmer,Eurasia,false,,1,15,ទុច្ចរិត,tuchcharit,bad conduct (Pali duccarita),"Wicked, dishonest, immoral. Leans more toward deceit than physical cruelty.",formal_or_literary,current,medium,valid,[],[],False,False,False,False,,,,older_loanword,Pali,It denotes dishonesty more than cruelty.,This is a Pali loan (duccarita 'bad conduct') and a plain moral condemnation.,s1_khm_r1,s2_khm_r1
krb_r1_1,krb,Kiribati,Austronesian,Oceanic,Papunesia,false,,1,1,buakaka,,bad,"Bad, evil, wicked. The general word for condemning an act or a person as wicked; intensified forms are used for extreme wickedness.",everyday,current,high,valid,[],[],False,False,False,False,,,,native,,,"Buakaka is the plain native adjective for 'bad, evil' and has no figurative basis.",s1_krb_r1,s2_krb_r1
krb_r1_2,krb,Kiribati,Austronesian,Oceanic,Papunesia,false,,1,2,iowawa,,violent / rough,"Violent, brutal, cruel. Said of a person or act involving harsh, abusive treatment.",everyday,current,medium,valid,[],[],False,False,False,False,,,,unknown,,I could not verify the form iowawa or this meaning in standard Kiribati dictionaries; it may be misrecorded.,"As described, it is a literal descriptive term for violent or rough behaviour with no figurative basis.",s1_krb_r1,s2_krb_r1
krb_r1_3,krb,Kiribati,Austronesian,Oceanic,Papunesia,false,,1,3,bure,,sin / fault,"Sinful, guilty of wrongdoing. Used, often in a religious framing, to condemn an act as morally wrong.",everyday,current,medium,valid,[],[],False,False,False,False,,,,native,,,"Bure 'sin, fault, guilt' is a native moral and religious term used literally and is not a figurative comparison.",s1_krb_r1,s2_krb_r1
krb_r1_4,krb,Kiribati,Austronesian,Oceanic,Papunesia,false,,1,4,taimonio,,demon / devil (missionary loan),Devil. Applied to a person as an insult to brand them as wicked or evil.,slang_or_insult,current,low,valid,[],[],False,False,True,False,,,,older_loanword,"Greek (daimonion), via 19th-century missionary Bible translation",,Calling a person a devil or demon brands them as wicked by comparison with a supernatural being.,s1_krb_r1,s2_krb_r1
krb_r1_5,krb,Kiribati,Austronesian,Oceanic,Papunesia,false,,1,5,kammaraka,,cause-pain,"Hurtful, causing pain. Said of an act that inflicts suffering on others.",everyday,current,low,valid,[],[],False,False,False,False,,,,native,,,"Kammaraka is the transparent causative ka- plus maraka 'pain', meaning 'causing pain'; it literally describes inflicting suffering and is not figurative.",s1_krb_r1,s2_krb_r1
kon_r1_1,kon,Kongo,Niger-Congo,Bantu,Africa,false,,1,1,mbi,,bad / evil,"Bad or evil. Used of a person (e.g. muntu (wa) mbi, 'a bad/wicked person') or of a deed, to condemn it as wicked.",everyday,current,high,valid,[],[],False,False,False,False,,,,native,,,"A plain native Bantu adjective root -bi 'bad', with no figurative basis.",s1_kon_r1,s2_kon_r1
kon_r1_2,kon,Kongo,Niger-Congo,Bantu,Africa,false,,1,2,ndoki,,witch / sorcerer,"Literally a witch. Hurled at someone thought to be malevolent or cruel, implying they do harm to others out of evil intent.",slang_or_insult,current,high,valid,[],[],False,False,True,False,,,,native,,,"It brands the person as a witch, an occult and supernatural malevolent agent; the noun derives from the native root -loka 'to bewitch, curse'.",s1_kon_r1,s2_kon_r1
kon_r1_3,kon,Kongo,Niger-Congo,Bantu,Africa,false,,1,3,kindoki,,witchcraft,"Witchcraft. Used to characterise a malicious, harmful deed as diabolically wicked.",everyday,current,medium,valid,[],[],False,False,True,False,,,,native,,,"It characterises the deed as witchcraft, a supernatural occult evil, and is formed natively from ndoki with the ki- abstract prefix.",s1_kon_r1,s2_kon_r1
kon_r1_4,kon,Kongo,Niger-Congo,Bantu,Africa,false,,1,4,kimbi,,badness / evil (abstract noun from -mbi),"Wickedness or evil, as a quality of a person or act.",everyday,current,medium,valid,[],[],False,False,False,False,,,,native,,,"A plain native abstract noun meaning 'badness', with no figurative basis.",s1_kon_r1,s2_kon_r1
kon_r1_5,kon,Kongo,Niger-Congo,Bantu,Africa,false,,1,5,ntima mbi,,heart bad,"A bad heart. Describes a malicious, spiteful or cruel disposition.",everyday,current,medium,valid,[],[],False,False,False,False,heart as seat of moral disposition,,,native,,,It is a body-part metaphor that locates wickedness in a bad heart.,s1_kon_r1,s2_kon_r1
kon_r1_6,kon,Kongo,Niger-Congo,Bantu,Africa,false,,1,6,Nkadi-mpemba,,"devil (traditional term, adopted in Christian usage)","The Devil/Satan. Applied to a person, or used in comparison, to brand someone as utterly wicked.",formal_or_literary,current,medium,valid,[],[],False,False,True,False,,,,native,,,"It compares the person to the Devil, a supernatural evil being; the term is a native Kongo name repurposed in Christian usage.",s1_kon_r1,s2_kon_r1
kon_r1_7,kon,Kongo,Niger-Congo,Bantu,Africa,false,,1,7,ntima ngolo,,heart hard/strong,Hard-hearted. Describes someone pitiless or merciless.,everyday,current,low,valid,[],[],False,False,False,False,hardness/strength of the heart as pitilessness,,,native,,The phrase may also mean 'brave' or 'courageous' rather than only 'pitiless'.,It is a heart metaphor in which a hard heart stands for a lack of mercy.,s1_kon_r1,s2_kon_r1
kon_r1_8,kon,Kongo,Niger-Congo,Bantu,Africa,false,,1,8,mbi kibeni,,bad truly/very,Really bad or truly evil. An intensified condemnation of a deed or person.,everyday,current,low,valid,[],[],False,False,False,False,,,,native,,,"A plain native intensified condemnation meaning 'truly bad', with no figurative basis.",s1_kon_r1,s2_kon_r1
kor_r1_1,kor,Korean,Korean,Korean,Eurasia,false,,1,1,잔인하다,janinhada,cruel-endure (Sino-Korean 殘忍) + be,"to be cruel, brutal; the standard word for describing a cruel act or person",everyday,current,high,valid,[],[],False,False,False,False,,,,older_loanword,Chinese,,"The standard Sino-Korean adjective for 'cruel' (殘忍), a plain condemnation with no live figurative basis.",s1_kor_r1,s2_kor_r1
kor_r1_2,kor,Korean,Korean,Korean,Eurasia,false,,1,2,악마 같다,angma gatda,devil like-be,"devilish, like a demon; said of someone who has done something monstrously cruel",everyday,current,high,valid,[],[],False,False,True,False,,,,native,,,"An explicit simile comparing the person to a devil (악마), built with the native construction 'X 같다'.",s1_kor_r1,s2_kor_r1
kor_r1_3,kor,Korean,Korean,Korean,Eurasia,false,,1,3,피도 눈물도 없다,pido nunmuldo eopda,blood-even tears-even not-exist,"utterly heartless and merciless, without any human feeling",everyday,current,high,valid,[],[],False,False,False,False,"lacking blood and tears, the bodily signs of warmth and compassion",,,native,,,"A native idiom that condemns by denying the person blood and tears, which stand for feeling; it negates these, not humanity.",s1_kor_r1,s2_kor_r1
kor_r1_4,kor,Korean,Korean,Korean,Eurasia,false,,1,4,짐승만도 못하다,jimseungmando motada,beast-only-even cannot-do (i.e. not even as good as a beast),worse than an animal; condemns someone whose act is morally depraved or inhumanly cruel,everyday,current,high,valid,[],[],False,True,False,False,,,,native,,,"Ranks the person below a beast (짐승), an animal comparison with no explicit word for 'human'.",s1_kor_r1,s2_kor_r1
kor_r1_5,kor,Korean,Korean,Korean,Eurasia,false,,1,5,악랄하다,allalhada,evil-pungent/harsh (惡辣) + be,"vicious, malicious, wicked in a calculated, nasty way",everyday,current,high,valid,[],[],False,False,False,False,,,,older_loanword,Chinese,,"Sino-Korean 惡辣 'evil-harsh'; the taste sense of 辣 is lexicalized, so this is effectively a plain condemnation.",s1_kor_r1,s2_kor_r1
kor_r1_6,kor,Korean,Korean,Korean,Eurasia,false,,1,6,잔혹하다,janhokada,cruel-harsh (殘酷) + be,"brutal, atrocious; often used of crimes, violence or punishments",everyday,current,high,valid,[],[],False,False,False,False,,,,older_loanword,Chinese,,"Sino-Korean 殘酷 'cruel-harsh', a plain evaluative adjective.",s1_kor_r1,s2_kor_r1
kor_r1_7,kor,Korean,Korean,Korean,Eurasia,false,,1,7,사이코패스,saikopaeseu,psychopath (English loanword),psychopath; used loosely to call someone coldly and shockingly cruel,slang_or_insult,current,high,valid,[],[],False,False,False,False,loose use of a psychiatric diagnostic label,,,recent_loanword,English,,"An English clinical term applied hyperbolically to a cruel person, which is a pathologizing rather than a dehumanizing figure.",s1_kor_r1,s2_kor_r1
kor_r1_8,kor,Korean,Korean,Korean,Eurasia,false,,1,8,악독하다,akdokada,evil-poison (惡毒) + be,"venomously wicked, malicious and cruel",everyday,current,high,valid,[],[],False,False,False,False,poison/venom metaphor (毒),,,older_loanword,Chinese,,Sino-Korean 惡毒 'evil-poison' characterizes wickedness as poisonous.,s1_kor_r1,s2_kor_r1
kor_r1_9,kor,Korean,Korean,Korean,Eurasia,false,,1,9,흉악하다,hyungakada,ominous/fierce-evil (凶惡) + be,"atrocious, heinous, vicious; common of crimes and criminals (흉악범 'heinous criminal')",everyday,current,high,valid,[],[],False,False,False,False,,,,older_loanword,Chinese,,"Sino-Korean 凶惡 'fierce-evil', a plain condemnation.",s1_kor_r1,s2_kor_r1
kor_r1_10,kor,Korean,Korean,Korean,Eurasia,false,,1,10,극악무도하다,geugangmudohada,extreme-evil-without-morality (極惡無道) + be,extremely wicked and utterly immoral; heinous beyond measure,formal_or_literary,current,high,valid,[],[],False,False,False,False,,,,older_loanword,Chinese,,"Sino-Korean 極惡無道 'extreme evil, without the Way'; it negates morality rather than humanity, so it is a plain condemnation.",s1_kor_r1,s2_kor_r1
kor_r1_11,kor,Korean,Korean,Korean,Eurasia,false,,1,11,인간의 탈을 쓴 악마,ingane tareul sseun angma,human-of mask-OBJ wearing devil,a devil wearing a human mask; a monster in human form,everyday,current,high,valid,[],[],True,False,True,False,human form as a mere mask or disguise,literal,transparent,native,,"The denial is by exclusion: 인간 'human' appears only as a mask worn over a devil, not with a grammatical negation.","Presents the person as a devil whose humanity is only an outward mask, so it both invokes the supernatural and excludes the person from humankind.",s1_kor_r1,s2_kor_r1
kor_r1_12,kor,Korean,Korean,Korean,Eurasia,false,,1,12,천벌 받을 놈,cheonbeol badeul nom,heaven-punishment will-receive guy,a wretch who deserves divine punishment; curse for someone who did something wicked,slang_or_insult,current,high,valid,[],[],False,False,False,False,deserving divine/heavenly punishment,,,native,,,A curse invoking heaven's punishment; it compares the person to nothing and does not deny their humanity.,s1_kor_r1,s2_kor_r1
kor_r1_13,kor,Korean,Korean,Korean,Eurasia,false,,1,13,인면수심,inmyeonsusim,human-face-beast-heart (人面獸心),having a human face but the heart of a beast; describes an inhumanly cruel or depraved person,formal_or_literary,current,high,valid,[],[],True,True,False,False,,literal,transparent,older_loanword,Classical Chinese,The denial is by contrast: 人 'human' is restricted to the face while the heart is a beast's; there is no overt negation.,"人面獸心 'human face, beast heart' limits the person's humanity to the surface and gives them an animal's heart.",s1_kor_r1,s2_kor_r1
kor_r1_14,kor,Korean,Korean,Korean,Eurasia,false,,1,14,천인공노할,cheoningongnohal,heaven-people-together-angry (天人共怒) + will-be,so heinous that heaven and humanity alike are outraged; used of atrocious crimes,formal_or_literary,current,high,valid,[],[],False,False,False,False,hyperbole: an outrage shared by heaven and all people,,,older_loanword,Chinese,The Chinese form 天人共憤 is more usual; 天人共怒 may be a Korean variant.,"Condemns by the universal outrage of heaven and humanity; 人 appears here as the people who are outraged, not as something the offender lacks.",s1_kor_r1,s2_kor_r1
kor_r1_15,kor,Korean,Korean,Korean,Eurasia,false,,1,15,몹쓸 놈,mopsseul nom,cannot-be-used guy,"a wicked, evil scoundrel; someone who has done something terrible to others",slang_or_insult,current,medium,valid,[],[],False,False,False,False,worthlessness: a person 'unfit for use',,,native,,,"Native 몹쓸 'unusable' condemns the person as worthless or bad, with no reference to humanity, animals or the supernatural.",s1_kor_r1,s2_kor_r1
lkt_r1_1,lkt,Lakhota,Siouan,Mississippi Valley Siouan,North America,false,,1,1,šíča,,bad,"Bad, evil, wicked. The general word for condemning a person or act as morally bad. It covers a wide range of severity.",everyday,current,high,valid,[],[],False,False,False,False,,,,native,,,"Basic native adjective 'bad', a plain condemnation with no figurative basis.",s1_lkt_r1,s2_lkt_r1
lkt_r1_2,lkt,Lakhota,Siouan,Mississippi Valley Siouan,North America,false,,1,2,líla šíča,,very bad,Very bad or very wicked. Used to stress that an act or person is exceptionally evil.,everyday,current,high,valid,[],[],False,False,False,False,,,,native,,,"Intensifier líla plus šíča, a plain intensified condemnation.",s1_lkt_r1,s2_lkt_r1
lkt_r1_3,lkt,Lakhota,Siouan,Mississippi Valley Siouan,North America,false,,1,3,wičháša šíča,,man bad,A bad or wicked man; an evil person.,everyday,current,medium,valid,[],[],False,False,False,False,,,,native,,,Contains wičháša 'man/person' but affirms rather than negates personhood; it simply calls the person bad.,s1_lkt_r1,s2_lkt_r1
lkt_r1_4,lkt,Lakhota,Siouan,Mississippi Valley Siouan,North America,false,,1,4,šičáya,,bad-ly,"Badly or wickedly. Used of how someone treated another, e.g. cruelly or abusively.",everyday,current,medium,valid,[],[],False,False,False,False,,,,native,,,"Adverbial form of šíča 'bad', a plain condemnation of how someone was treated.",s1_lkt_r1,s2_lkt_r1
lkt_r1_5,lkt,Lakhota,Siouan,Mississippi Valley Siouan,North America,false,,1,5,wahtéšni,,good/worthy-not,"Worthless, bad, wicked. A condemnation of a person's character.",everyday,current,medium,valid,[],[],False,False,False,False,,,,native,,,"Negation of 'good/worthy' (wahté + šni), not of humanity, so it is a plain condemnation.",s1_lkt_r1,s2_lkt_r1
lkt_r1_6,lkt,Lakhota,Siouan,Mississippi Valley Siouan,North America,false,,1,6,tȟawáčhiŋ šíča,,mind/disposition bad,Having an evil or malicious disposition; mean-spirited or wicked-minded.,everyday,current,medium,valid,[],[],False,False,False,False,,,,native,,,"Literally 'bad disposition/mind', a fairly literal description of character with no figurative basis.",s1_lkt_r1,s2_lkt_r1
lkt_r1_7,lkt,Lakhota,Siouan,Mississippi Valley Siouan,North America,false,,1,7,tȟéȟiya,,hard-ly,Harshly or cruelly. Used of treating someone with severity or cruelty.,everyday,current,low,valid,[],[],False,False,False,False,hardness/difficulty: treating someone hard or harshly,,,native,,"tȟéȟi primarily means 'difficult, troublesome' rather than physically hard; the 'cruelly' sense is an extension.","Derived from tȟéȟi 'hard/difficult', so cruelty is framed through harshness or hardship.",s1_lkt_r1,s2_lkt_r1
lkt_r1_8,lkt,Lakhota,Siouan,Mississippi Valley Siouan,North America,false,,1,8,šičáȟča,,bad-truly/very,"Truly or extremely bad, thoroughly wicked.",everyday,current,low,valid,[],[],False,False,False,False,,,,native,,,"šíča with the intensifying suffix -ȟča 'truly, very', a plain intensified condemnation.",s1_lkt_r1,s2_lkt_r1
lkt_r1_9,lkt,Lakhota,Siouan,Mississippi Valley Siouan,North America,false,,1,9,wóahtani,,NOMINALIZER-transgress,Sin or wrongdoing. Mainly used in Christian or formal moral discourse to condemn an act as sinful.,formal_or_literary,current,medium,valid,[],[],False,False,False,False,,,,native,,"Its 'sin' sense was shaped by missionary usage, but the word is built from native morphology.","Native nominalization of ahtáni 'transgress', which condemns an act as wrongdoing without any figurative image.",s1_lkt_r1,s2_lkt_r1
lkt_r1_10,lkt,Lakhota,Siouan,Mississippi Valley Siouan,North America,false,,1,10,wakȟáŋ šíča,,sacred/mysterious-power bad,Evil spirit or evil power. Used figuratively of something or someone diabolically wicked.,formal_or_literary,current,low,valid,[],[],False,False,True,False,,,,native,,Primarily denotes an evil spirit or the devil; its figurative use for wicked persons is less common.,"Likens the person or act to an evil spirit or malevolent sacred power, a supernatural comparison.",s1_lkt_r1,s2_lkt_r1
lat_r1_1,lat,Latvian,Indo-European,Baltic,Eurasia,false,,1,1,nežēlīgs,,not-pitying,"cruel, merciless (of a person or an act)",everyday,current,high,valid,[],[],False,False,False,False,,,,native,,,"It is formed from ne- plus žēlīgs ('merciful'), so it negates pity rather than humanity and is a plain condemnation.",s1_lat_r1,s2_lat_r1
lat_r1_2,lat,Latvian,Indo-European,Baltic,Eurasia,false,,1,2,ļauns,,evil,"evil, wicked, malicious",everyday,current,high,valid,[],[],False,False,False,False,,,,native,,,This is an inherited Baltic adjective meaning 'evil' and has no figurative basis.,s1_lat_r1,s2_lat_r1
lat_r1_3,lat,Latvian,Indo-European,Baltic,Eurasia,false,,1,3,neģēlis,,scoundrel / villain,"a vile, wicked person; a scoundrel who does monstrous things",slang_or_insult,current,high,valid,[],[],False,False,False,False,,,,unknown,,The etymology of neģēlis (ne- plus an obscure stem) is unclear.,"It is a plain term of abuse for a scoundrel, and no figurative image is perceptible today.",s1_lat_r1,s2_lat_r1
lat_r1_4,lat,Latvian,Indo-European,Baltic,Eurasia,false,,1,4,nelietis,,not-useful-one (good-for-nothing),"villain, scoundrel, a base and wicked person",everyday,current,high,valid,[],[],False,False,False,False,"worthlessness: 'good-for-nothing, useless one'",,,native,,,"It is built from ne- plus a stem related to lietot/derīgs ('use, useful'), so it condemns the person as worthless rather than as non-human.",s1_lat_r1,s2_lat_r1
lat_r1_5,lat,Latvian,Indo-European,Baltic,Eurasia,false,,1,5,zvērs,,"beast, wild animal","a brutal, cruel person ('he is a real beast')",everyday,current,high,valid,[],[],False,True,False,False,,,,native,,,"It directly calls the person a wild beast, an inherited Indo-European word for wild animal.",s1_lat_r1,s2_lat_r1
lat_r1_6,lat,Latvian,Indo-European,Baltic,Eurasia,false,,1,6,briesmonis,,monster (terror-one),a monstrously cruel or evil person,everyday,current,high,valid,[],[],False,False,True,False,,,,native,,,"It is derived from briesmas ('terror') and means 'monster', comparing the person to a monstrous being.",s1_lat_r1,s2_lat_r1
lat_r1_7,lat,Latvian,Indo-European,Baltic,Eurasia,false,,1,7,cietsirdīgs,,hard-hearted,"callous, cruel, without compassion",everyday,current,high,valid,[],[],False,False,False,False,hard heart (callousness as a hardened heart),,,native,,,"It is a compound of ciets ('hard') and sirds ('heart'), a body-metaphor for lack of compassion.",s1_lat_r1,s2_lat_r1
lat_r1_8,lat,Latvian,Indo-European,Baltic,Eurasia,false,,1,8,zvērīgs,,beast-like,"brutal, savage, atrocious (e.g. 'zvērīga slepkavība', a brutal murder)",everyday,current,high,valid,[],[],False,True,False,False,,,,native,,,"It is an adjective formed from zvērs ('beast') meaning 'beast-like', so it likens the act to animal behaviour.",s1_lat_r1,s2_lat_r1
lat_r1_9,lat,Latvian,Indo-European,Baltic,Eurasia,false,,1,9,necilvēcīgs,,not-human-like,"inhuman, inhumane, atrociously cruel",everyday,current,high,valid,[],[],True,False,False,False,,literal,transparent,native,,It may be modelled on German unmenschlich or Russian бесчеловечный.,"It is built from ne- plus cilvēcīgs ('human, humane', from cilvēks 'human'), which explicitly negates humanity.",s1_lat_r1,s2_lat_r1
lat_r1_10,lat,Latvian,Indo-European,Baltic,Eurasia,false,,1,10,bezsirdīgs,,without-heart-ed,"heartless, pitiless",everyday,current,high,valid,[],[],False,False,False,False,lacking a heart (absence of compassion),,,native,,,"It is formed from bez- ('without') plus sirds ('heart'), negating the heart rather than humanity.",s1_lat_r1,s2_lat_r1
lat_r1_11,lat,Latvian,Indo-European,Baltic,Eurasia,false,,1,11,izdzimums,,out-born thing (degenerate offspring),"a monster, degenerate; strong insult for someone who did something vile",slang_or_insult,current,high,valid,[],[],False,False,False,False,degenerate offspring; aberrant birth,,,calque,Russian,It may simply be a native formation parallel to Russian выродок.,"It is formed from iz- ('out') plus dzimt ('be born'), presenting the person as a degenerate, 'out-born' product, apparently modelled on Russian выродок.",s1_lat_r1,s2_lat_r1
lat_r1_12,lat,Latvian,Indo-European,Baltic,Eurasia,false,,1,12,brutāls,,brutal,"brutal, violently cruel",everyday,current,high,valid,[],[],False,False,False,False,,,,recent_loanword,German,,"It is an internationalism ultimately from Latin brutus ('dull, irrational'), received via German/Russian, and today it is a plain adjective of violent cruelty.",s1_lat_r1,s2_lat_r1
lat_r1_13,lat,Latvian,Indo-European,Baltic,Eurasia,false,,1,13,mežonīgs,,"forest-like (wild, savage)","savage, barbaric (of an act)",everyday,current,high,valid,[],[],False,False,False,False,"savagery: uncivilised forest-dweller (mežonis 'savage', from mežs 'forest')",,,native,,,"It is derived from mežonis ('savage'), which comes from mežs ('forest'), so it likens the act to the behaviour of an uncivilised wild person.",s1_lat_r1,s2_lat_r1
lat_r1_14,lat,Latvian,Indo-European,Baltic,Eurasia,false,,1,14,sadists,,sadist,someone who enjoys inflicting cruelty,everyday,current,high,valid,[],[],False,False,False,False,eponym: likened to the Marquis de Sade,,,recent_loanword,German,,"It is an international eponymous term (from French, via German/Russian) for one who delights in cruelty.",s1_lat_r1,s2_lat_r1
lat_r1_15,lat,Latvian,Indo-European,Baltic,Eurasia,false,,1,15,nekrietns,,not-decent,"base, vile, morally wicked (of an act or person)",formal_or_literary,current,medium,valid,[],[],False,False,False,False,,,,native,,,"It is formed from ne- plus krietns ('decent, worthy'), negating decency rather than humanity, so it is a plain moral condemnation.",s1_lat_r1,s2_lat_r1
lez_r1_1,lez,Lezgian,Nakh-Daghestanian,Lezgic,Eurasia,false,,1,1,залум,zalum,cruel / tyrant (Arabic loan),"cruel, tyrannical; a cruel person",everyday,current,high,valid,[],[],False,False,False,False,,,,older_loanword,Arabic (via Persian/Azerbaijani),,"A plain evaluative adjective or noun from Arabic ẓālim 'oppressor, unjust', with no figurative basis.",s1_lez_r1,s2_lez_r1
lez_r1_2,lez,Lezgian,Nakh-Daghestanian,Lezgic,Eurasia,false,,1,2,зулумкар,zulumkar,oppression-doer,"oppressor, tormentor; someone who commits cruelty",everyday,current,medium,valid,[],[],False,False,False,False,,,,older_loanword,Persian (Arabic zulm + Persian -kār),,An agent noun meaning 'doer of oppression' that literally names the cruel act without any figurative comparison.,s1_lez_r1,s2_lez_r1
lez_r1_3,lez,Lezgian,Nakh-Daghestanian,Lezgic,Eurasia,false,,1,3,регьимсуз,rehimsuz,mercy-less,"merciless, pitiless",everyday,current,medium,valid,[],[],False,False,False,False,,,,older_loanword,Azerbaijani (Arabic raḥm + Turkic -suz),,"It negates mercy, not humanity, and is a plain privative condemnation.",s1_lez_r1,s2_lez_r1
lez_r1_4,lez,Lezgian,Nakh-Daghestanian,Lezgic,Eurasia,false,,1,4,инсафсуз,insafsuz,conscience/fairness-less,"without conscience, unjust and heartless",everyday,current,medium,valid,[],[],False,False,False,False,,,,older_loanword,Azerbaijani (Arabic inṣāf + Turkic -suz),,"It negates fairness or conscience rather than humanity, so it is a plain privative condemnation.",s1_lez_r1,s2_lez_r1
lez_r1_5,lez,Lezgian,Nakh-Daghestanian,Lezgic,Eurasia,false,,1,5,вагьши,vahši,"wild, savage","savage, brutal (of a person or deed)",everyday,current,medium,valid,[],[],False,False,False,False,"wildness/untamed savagery (Arabic waḥšī, from waḥš 'wild beasts')",,,older_loanword,Persian/Arabic,"Etymologically linked to 'wild beasts', but in Lezgian it functions as 'wild, savage' rather than as an explicit animal comparison.","It condemns the person or deed as wild and uncivilized, an image of untamedness rather than a direct animal comparison.",s1_lez_r1,s2_lez_r1
lez_r1_6,lez,Lezgian,Nakh-Daghestanian,Lezgic,Eurasia,false,,1,6,жаллад,žallad,executioner,"butcher, executioner: a brutally cruel person",slang_or_insult,current,medium,valid,[],[],False,False,False,False,comparison to an executioner,,,older_loanword,Arabic (via Persian/Turkic),,"It likens the cruel person to an executioner, a human figure who kills by profession.",s1_lez_r1,s2_lez_r1
lez_r1_7,lez,Lezgian,Nakh-Daghestanian,Lezgic,Eurasia,false,,1,7,шейтIан,šejt'an,"devil, Satan","devil, used of a wicked person",slang_or_insult,current,medium,valid,[],[],False,False,True,False,,,,older_loanword,Arabic,,"It calls the wicked person a devil, which is a comparison to a supernatural being.",s1_lez_r1,s2_lez_r1
lez_r1_8,lez,Lezgian,Nakh-Daghestanian,Lezgic,Eurasia,false,,1,8,алчах,alčax,"low, base","vile, base, despicable person",slang_or_insult,current,medium,valid,[],[],False,False,False,False,lowness/baseness metaphor,,,older_loanword,Azerbaijani/Turkic,It mainly expresses baseness or vileness rather than cruelty specifically.,Turkic alčaq 'low' condemns the person through a spatial metaphor of low moral standing.,s1_lez_r1,s2_lez_r1
lez_r1_9,lez,Lezgian,Nakh-Daghestanian,Lezgic,Eurasia,false,,1,9,кафир,kafir,infidel,"godless wretch, used as an insult for a cruel or wicked person",slang_or_insult,current,low,valid,[],[],False,False,False,False,"religious exclusion (infidel, godless)",,,older_loanword,Arabic,,It condemns the person by placing them outside the faith as an infidel.,s1_lez_r1,s2_lez_r1
lez_r1_10,lez,Lezgian,Nakh-Daghestanian,Lezgic,Eurasia,false,,1,10,явуз,javuz,"fierce, cruel (Turkic loan)","fierce, cruel, harsh",formal_or_literary,current,low,valid,[],[],False,False,False,False,,,,older_loanword,Turkic (Azerbaijani/Ottoman yavuz),,"A plain adjective meaning fierce or cruel, with no figurative basis.",s1_lez_r1,s2_lez_r1
lez_r1_11,lez,Lezgian,Nakh-Daghestanian,Lezgic,Eurasia,false,,1,11,рикI авачир,rik' avačir,heart not-having,heartless,everyday,current,low,valid,[],[],False,False,False,False,lacking a heart (the seat of compassion),,,native,,,"A native phrase meaning 'heart not-having', which uses the heart as a metaphor for feeling and does not deny humanity.",s1_lez_r1,s2_lez_r1
mal_r1_1,mal,Malagasy,Austronesian,Barito,Africa,false,,1,1,ratsy fanahy,,bad spirit/soul,"wicked, evil-hearted (of a person)",everyday,current,high,valid,[],[],False,False,False,False,,,,native,,,"Ratsy 'bad' plus fanahy 'soul, character' is the ordinary way to call someone evil-natured, a plain moral judgement on character.",s1_mal_r1,s2_mal_r1
mal_r1_2,mal,Malagasy,Austronesian,Barito,Africa,false,,1,2,masiaka,,"fierce, savage","cruel, ferocious, brutal (of a person or act)",everyday,current,high,valid,[],[],False,False,False,False,,,,native,,,"Masiaka is a native adjective meaning fierce or cruel; although it also describes fierce animals, the word contains no explicit animal comparison.",s1_mal_r1,s2_mal_r1
mal_r1_3,mal,Malagasy,Austronesian,Barito,Africa,false,,1,3,mahatsiravina,,causing horror,"horrifying, atrocious (of an act)",everyday,current,high,valid,[],[],False,False,False,False,,,,native,,,"Causative of tsiravina 'horrified', this is a plain evaluative term describing the horror an act causes.",s1_mal_r1,s2_mal_r1
mal_r1_4,mal,Malagasy,Austronesian,Barito,Africa,false,,1,4,mampihoron-koditra,,makes the skin shudder,"spine-chilling, appalling (of a cruel deed)",everyday,current,medium,valid,[],[],False,False,False,False,bodily reaction: the deed makes the skin shudder or crawl,,,native,,,The expression condemns the act through the physical shudder of horror it provokes in the observer.,s1_mal_r1,s2_mal_r1
mal_r1_5,mal,Malagasy,Austronesian,Barito,Africa,false,,1,5,habibiana,,animal-ness (from biby 'animal'),"bestiality, savage cruelty; an atrocity",formal_or_literary,current,high,valid,[],[],False,True,False,False,,,,native,,,"An abstract noun built on biby 'animal', it presents cruelty as beast-like behaviour.",s1_mal_r1,s2_mal_r1
mal_r1_6,mal,Malagasy,Austronesian,Barito,Africa,false,,1,6,biby,,"animal, beast","used as an insult for a brutal, inhuman person",slang_or_insult,current,medium,valid,[],[],False,True,False,False,,,,native,,,"Calling someone biby 'animal, beast' directly likens the brutal person to an animal.",s1_mal_r1,s2_mal_r1
mal_r1_7,mal,Malagasy,Austronesian,Barito,Africa,false,,1,7,tsy manam-po,,not having heart,"heartless, pitiless",everyday,current,medium,valid,[],[],False,False,False,False,lack of a heart (fo) as the seat of compassion,,,native,,,"'Not having a heart' negates the heart as the organ of feeling, not humanity itself.",s1_mal_r1,s2_mal_r1
mal_r1_8,mal,Malagasy,Austronesian,Barito,Africa,false,,1,8,tsy mahaolona,,not human-making,"inhumane, inhuman (of an act)",formal_or_literary,current,medium,valid,[],[],True,False,False,False,,literal,transparent,native,,,"Tsy 'not' negates maha-olona, built on olona 'person', so the act is explicitly presented as not befitting a human being.",s1_mal_r1,s2_mal_r1
mal_r1_9,mal,Malagasy,Austronesian,Barito,Africa,false,,1,9,haratsiam-panahy,,badness of spirit,"wickedness, malice",formal_or_literary,current,high,valid,[],[],False,False,False,False,,,,native,,,"This is the nominal form of ratsy fanahy, meaning 'badness of character', a plain moral condemnation.",s1_mal_r1,s2_mal_r1
mal_r1_10,mal,Malagasy,Austronesian,Barito,Africa,false,,1,10,fahasiahana,,fierceness (noun from masiaka),"cruelty, ferocity",formal_or_literary,current,medium,valid,[],[],False,False,False,False,,,,native,,,"The abstract noun from masiaka simply names cruelty or ferocity, with no figurative basis.",s1_mal_r1,s2_mal_r1
mal_r1_11,mal,Malagasy,Austronesian,Barito,Africa,false,,1,11,mpamosavy,,"sorcerer, witch",used to condemn someone as malevolent and evil,slang_or_insult,current,medium,valid,[],[],False,False,True,False,,,,native,,"Mpamosavy are believed to be humans with malevolent occult powers rather than spirits, so the supernatural classification is borderline.","The person is likened to a witch or sorcerer, a figure of malevolent occult power in Malagasy belief.",s1_mal_r1,s2_mal_r1
mal_r1_12,mal,Malagasy,Austronesian,Barito,Africa,false,,1,12,feno lolompo,,full of hatred/rancour,"malicious, vindictive",everyday,current,medium,valid,[],[],False,False,False,False,,,,native,,,'Full of rancour' is a plain description of a hateful disposition.,s1_mal_r1,s2_mal_r1
mal_r1_13,mal,Malagasy,Austronesian,Barito,Africa,false,,1,13,mahery setra,,strong (in) violence,"violent, brutal",everyday,current,medium,valid,[],[],False,False,False,False,,,,native,,,"'Strong in violence' literally describes someone as violent, without any figurative comparison.",s1_mal_r1,s2_mal_r1
mal_r1_14,mal,Malagasy,Austronesian,Barito,Africa,false,,1,14,dahalo,,cattle bandit,"used as an insult for a ruthless, brutal criminal",slang_or_insult,current,low,valid,[],[],False,False,False,False,"comparison to a cattle bandit, the archetypal ruthless criminal",,,native,,The etymology of dahalo is not certain.,"The person is likened to the dahalo, the cattle-raiding bandits notorious for brutality.",s1_mal_r1,s2_mal_r1
mnd_r1_1,mnd,Mandarin,Sino-Tibetan,Chinese,Eurasia,true,known_language,1,1,残忍,cánrěn,cruel-endure (harm),Cruel or brutal. The basic everyday word for a cruel act or person.,everyday,current,high,valid,[],[],False,False,False,False,,,,native,,,A plain everyday word for cruelty ('cruel' plus 'bear to do harm') with no figurative basis.,s1_mnd_r1,s2_mnd_r1
mnd_r1_2,mnd,Mandarin,Sino-Tibetan,Chinese,Eurasia,true,known_language,1,2,畜生,chùsheng,livestock-born (beast),Beast or animal. A harsh insult for someone who has done something inhumanly cruel or vile.,slang_or_insult,current,high,valid,[],[],False,True,False,False,,,,native,,,"It calls the person a beast or livestock, which is a direct animal comparison with no explicit word for 'human'.",s1_mnd_r1,s2_mnd_r1
mnd_r1_3,mnd,Mandarin,Sino-Tibetan,Chinese,Eurasia,true,known_language,1,3,没人性,méi rénxìng,not-have human-nature,"Inhuman, lacking all humanity. Said of a cruel person or act.",everyday,current,high,valid,[],[],True,False,False,False,,literal,transparent,native,,,"It literally means 'not having human nature' (没 'not have' + 人性 'human nature'), an explicit and transparent denial of humanity.",s1_mnd_r1,s2_mnd_r1
mnd_r1_4,mnd,Mandarin,Sino-Tibetan,Chinese,Eurasia,true,known_language,1,4,丧心病狂,sàng xīn bìng kuáng,"lose heart, sick (and) mad","Frenziedly wicked, utterly depraved. Used for shockingly cruel or outrageous acts.",everyday,current,high,valid,[],[],False,False,False,False,loss of one's heart/mind and madness (insanity metaphor),,,native,,,"It portrays the wicked person as having lost their heart and gone sick with madness, which is a figure of insanity rather than of non-humanity.",s1_mnd_r1,s2_mnd_r1
mnd_r1_5,mnd,Mandarin,Sino-Tibetan,Chinese,Eurasia,true,known_language,1,5,禽兽不如,qínshòu bùrú,birds-beasts not-equal,Worse than a beast. Strong condemnation of someone's depravity or cruelty.,slang_or_insult,current,high,valid,[],[],False,True,False,False,,,,native,,,"It says the person is worse than birds and beasts, an animal comparison that contains no explicit word for 'human'.",s1_mnd_r1,s2_mnd_r1
mnd_r1_6,mnd,Mandarin,Sino-Tibetan,Chinese,Eurasia,true,known_language,1,6,心狠手辣,xīn hěn shǒu là,"heart ruthless, hand spicy (vicious)","Ruthless and vicious, merciless in action.",everyday,current,high,valid,[],[],False,False,False,False,body-part imagery: ruthless heart and 'spicy' (vicious) hands,,,native,,,"It describes cruelty through the heart and hands, with 'spicy' used as a taste metaphor for viciousness.",s1_mnd_r1,s2_mnd_r1
mnd_r1_7,mnd,Mandarin,Sino-Tibetan,Chinese,Eurasia,true,known_language,1,7,恶毒,èdú,evil-poisonous,"Malicious, vicious, venomous. Used of people, words or deeds.",everyday,current,high,valid,[],[],False,False,False,False,poison/venom metaphor,,,native,,,"It combines 'evil' with 'poisonous', likening malice to poison.",s1_mnd_r1,s2_mnd_r1
mnd_r1_8,mnd,Mandarin,Sino-Tibetan,Chinese,Eurasia,true,known_language,1,8,狠毒,hěndú,ruthless-poisonous,"Vicious and cruel, venomously ruthless.",everyday,current,high,valid,[],[],False,False,False,False,poison/venom metaphor,,,native,,,"It combines 'ruthless' with 'poisonous', likening viciousness to poison.",s1_mnd_r1,s2_mnd_r1
mnd_r1_9,mnd,Mandarin,Sino-Tibetan,Chinese,Eurasia,true,known_language,1,9,丧尽天良,sàng jìn tiānliáng,lose completely heaven-(given) conscience,"Utterly without conscience, heartless and wicked beyond redemption.",everyday,current,high,valid,[],[],False,False,False,False,total loss of heaven-given innate conscience,,,native,,,"It presents wickedness as having completely lost one's heaven-bestowed conscience, which negates conscience rather than humanity.",s1_mnd_r1,s2_mnd_r1
mnd_r1_10,mnd,Mandarin,Sino-Tibetan,Chinese,Eurasia,true,known_language,1,10,伤天害理,shāng tiān hài lǐ,"harm heaven, injure principle","Outrageously immoral and cruel, an offence against heaven and reason.",everyday,current,high,valid,[],[],False,False,False,True,,,,native,,'Heaven' here is the cosmic-moral order; whether this counts as 'nature' is interpretive.,"It presents the act as an injury to heaven and the natural or cosmic principle, that is, a violation of the natural moral order.",s1_mnd_r1,s2_mnd_r1
mnd_r1_11,mnd,Mandarin,Sino-Tibetan,Chinese,Eurasia,true,known_language,1,11,惨无人道,cǎn wú réndào,brutal without human-way,Atrociously inhumane and barbaric. Often used of atrocities or massacres.,formal_or_literary,current,high,valid,[],[],True,False,False,False,,literal,transparent,native,,,"It contains 无 'without' + 人道 'humanity/human way', an explicit and transparent statement of lacking humanity.",s1_mnd_r1,s2_mnd_r1
mnd_r1_12,mnd,Mandarin,Sino-Tibetan,Chinese,Eurasia,true,known_language,1,12,灭绝人性,mièjué rénxìng,extinguish human-nature,"Completely devoid of humanity, monstrously cruel.",formal_or_literary,current,high,valid,[],[],True,False,False,False,,literal,transparent,native,,,"It means 'to have extinguished human nature' (灭绝 + 人性), an explicit and transparent privation of humanity.",s1_mnd_r1,s2_mnd_r1
mnd_r1_13,mnd,Mandarin,Sino-Tibetan,Chinese,Eurasia,true,known_language,1,13,十恶不赦,shí è bù shè,ten evils not pardon,"Guilty of unpardonable crimes, utterly wicked. Originally referred to the ten unpardonable offences of old law codes.",everyday,current,high,valid,[],[],False,False,False,False,hyperbolic allusion to the ten unpardonable crimes of imperial law,,,native,,,"It condemns by alluding to the legal category of the ten unpardonable crimes, not through any figure of non-humanity.",s1_mnd_r1,s2_mnd_r1
mnd_r1_14,mnd,Mandarin,Sino-Tibetan,Chinese,Eurasia,true,known_language,1,14,罪大恶极,zuì dà è jí,"crime great, evil extreme","Guilty of the most heinous crimes, extremely wicked.",formal_or_literary,current,high,valid,[],[],False,False,False,False,,,,native,,,"A plain statement that the crimes are great and the evil extreme, with no figurative basis.",s1_mnd_r1,s2_mnd_r1
mnd_r1_15,mnd,Mandarin,Sino-Tibetan,Chinese,Eurasia,true,known_language,1,15,天理难容,tiānlǐ nán róng,heaven's-principle hard tolerate,"So wicked that heaven's justice cannot tolerate it, an unforgivable outrage.",formal_or_literary,current,high,valid,[],[],False,False,False,True,heaven's principle personified as unable to tolerate the deed,,,native,,'Heaven's principle' is the cosmic-moral order; counting it as 'nature' is interpretive.,"It says the deed cannot be tolerated by the heavenly or natural principle, framing it as an offence against the cosmic order.",s1_mnd_r1,s2_mnd_r1
mao_r1_1,mao,Maori,Austronesian,Oceanic,Papunesia,false,,1,1,kino rawa atu,,bad very away,"extremely bad, terribly evil; used of a wicked act or person",everyday,current,high,valid,[],[],False,False,False,False,,,,native,,,"A plain intensified form of 'bad' (kino plus the intensifiers rawa and atu), with no figurative basis.",s1_mao_r1,s2_mao_r1
mao_r1_2,mao,Maori,Austronesian,Oceanic,Papunesia,false,,1,2,nanakia,,cruel/treacherous (one),"cruel, vicious, treacherous; a nasty or wicked person (also 'fierce')",everyday,current,high,valid,[],[],False,False,False,False,,,,native,,,"A native descriptive word meaning cruel or treacherous, used without any comparison or imagery.",s1_mao_r1,s2_mao_r1
mao_r1_3,mao,Maori,Austronesian,Oceanic,Papunesia,false,,1,3,mahi kino,,work/deed bad,"an evil or wicked deed, wrongdoing",everyday,current,high,valid,[],[],False,False,False,False,,,,native,,,"A literal compound, 'bad work/deed', that condemns the act directly.",s1_mao_r1,s2_mao_r1
mao_r1_4,mao,Maori,Austronesian,Oceanic,Papunesia,false,,1,4,tūkino,,treat badly,"to abuse, ill-treat or brutalise; abusive, cruel (tūkinotanga = abuse, cruelty)",everyday,current,high,valid,[],[],False,False,False,False,,,,native,,,"A literal compound of tū (treat) and kino (bad), meaning to ill-treat, with no figurative basis.",s1_mao_r1,s2_mao_r1
mao_r1_5,mao,Maori,Austronesian,Oceanic,Papunesia,false,,1,5,whakarihariha,,make-disgusting,"abominable, disgusting, loathsome; condemns a vile act",everyday,current,high,valid,[],[],False,False,False,False,physical disgust/revulsion extended to moral condemnation,,,native,,,A causative of rihariha 'disgust' that condemns the act by evoking physical revulsion.,s1_mao_r1,s2_mao_r1
mao_r1_6,mao,Maori,Austronesian,Oceanic,Papunesia,false,,1,6,weriweri,,disgusting/repulsive,"loathsome, hateful, repulsive; used of despicable behaviour or people",everyday,current,high,valid,[],[],False,False,False,False,physical disgust/revulsion extended to moral condemnation,,,native,,Possible link to weri 'centipede' is uncertain and not perceived as an animal comparison.,A reduplicated word for 'repulsive' that condemns through revulsion and makes no explicit animal comparison.,s1_mao_r1,s2_mao_r1
mao_r1_7,mao,Maori,Austronesian,Oceanic,Papunesia,false,,1,7,kōhuru,,murder/treachery,"murder, treacherous killing; to murder; a treacherous, murderous act",everyday,current,high,valid,[],[],False,False,False,False,,,,native,,,"A literal term for treacherous killing, with no imagery.",s1_mao_r1,s2_mao_r1
mao_r1_8,mao,Maori,Austronesian,Oceanic,Papunesia,false,,1,8,taikaha,,violent/excessive,"violent, brutal, oppressive; acting with cruel force",formal_or_literary,current,medium,valid,[],[],False,False,False,False,,,,native,,,A plain descriptive word for violent or excessive behaviour.,s1_mao_r1,s2_mao_r1
mao_r1_9,mao,Maori,Austronesian,Oceanic,Papunesia,false,,1,9,ngākau kino,,heart bad,"evil-hearted, malicious, spiteful",everyday,current,medium,valid,[],[],False,False,False,False,"heart (ngākau) as seat of character, said to be bad",,,native,,,"Locates the wickedness in a bad heart, which is a figure of inner character.",s1_mao_r1,s2_mao_r1
mao_r1_10,mao,Maori,Austronesian,Oceanic,Papunesia,false,,1,10,taurekareka,,slave/captive,"scoundrel, rascal, wretch; strong insult for a contemptible person",slang_or_insult,current,medium,valid,[],[],False,False,False,False,degraded social status: calling someone a slave/captive as an insult,,,native,,Primarily a contempt insult ('wretch') rather than specifically about cruelty.,"The word 'slave' is used as an insult that assigns the person the lowest social status, without any explicit word for 'person' being negated.",s1_mao_r1,s2_mao_r1
mao_r1_11,mao,Maori,Austronesian,Oceanic,Papunesia,false,,1,11,kaikōhuru,,agent-murder,murderer; a treacherous killer,everyday,current,medium,valid,[],[],False,False,False,False,,,,native,,,"A literal agent noun formed with kai- and kōhuru, meaning 'murderer'.",s1_mao_r1,s2_mao_r1
mao_r1_12,mao,Maori,Austronesian,Oceanic,Papunesia,false,,1,12,whanoke,,mischievous/roguish,"wicked, mischievous, delinquent; a rogue",everyday,current,medium,valid,[],[],False,False,False,False,,,,native,,Usually means mischievous or delinquent rather than extraordinarily cruel.,"A plain descriptive word for a rogue or wicked person, with no figurative basis.",s1_mao_r1,s2_mao_r1
map_r1_1,map,Mapudungun,Araucanian,Araucanian,South America,false,,1,1,"weda che (also spelled wesa che, weza che)",,bad person,A bad or wicked person. It is the general way to condemn someone morally and is not specific to extreme cruelty.,everyday,current,high,valid,[],[],False,False,False,False,,,,native,,,A plain compound of 'bad' and 'person' that affirms the person's humanity and condemns them morally without any figurative basis.,s1_map_r1,s2_map_r1
map_r1_2,map,Mapudungun,Araucanian,Araucanian,South America,false,,1,2,"weda (wesa, weza)",,bad,"Bad, evil, wicked. Applied to acts or people. Spelling and pronunciation vary by dialect and orthography.",everyday,current,high,valid,[],[],False,False,False,False,,,,native,,,A basic native evaluative adjective meaning 'bad/evil' with no figurative content.,s1_map_r1,s2_map_r1
map_r1_3,map,Mapudungun,Araucanian,Araucanian,South America,false,,1,3,kalku,,"sorcerer, witch","A practitioner of harmful magic. Applied to a person, it condemns them as malevolent and ill-intentioned, a source of evil and harm.",slang_or_insult,current,medium,valid,[],[],False,False,True,False,,,,native,,"The kalku is a human practitioner, but one allied with wekufe spirits; this counts as supernatural only through the association with harmful magic and evil powers.","Calling someone a kalku likens them to a sorcerer wielding malign supernatural powers, which is a supernatural figure of evil.",s1_map_r1,s2_map_r1
map_r1_4,map,Mapudungun,Araucanian,Araucanian,South America,false,,1,4,wekufe (wekufü),,evil spirit or force,A malign supernatural being. It can be used figuratively for a person or act regarded as diabolically evil.,everyday,current,low,valid,[],[],False,False,True,False,,,,native,,,Applying the name of a malign spirit or force to a person or act compares them to a demonic supernatural being.,s1_map_r1,s2_map_r1
map_r1_5,map,Mapudungun,Araucanian,Araucanian,South America,false,,1,5,weda dungu (wesa dungu),,bad matter/thing/word,"A bad or evil thing, an evil deed or affair. Used to condemn an act.",everyday,current,medium,valid,[],[],False,False,False,False,,,,native,,,"A literal compound meaning 'bad matter/deed', which plainly condemns an act without any figurative basis.",s1_map_r1,s2_map_r1
mei_r1_1,mei,Meithei,Sino-Tibetan,Manipuri,Eurasia,false,,1,1,ꯐꯠꯇꯕ,phattaba,not-good (phat- 'be good' + -ta negative + -ba nominaliser),"bad, evil, wicked; the general word for a wicked act or person",everyday,current,high,valid,[],[],False,False,False,False,,,,native,,,A plain negated evaluative adjective ('not good') with no figurative basis.,s1_mei_r1,s2_mei_r1
mei_r1_2,mei,Meithei,Sino-Tibetan,Manipuri,Eurasia,false,,1,2,ꯃꯤꯅꯨꯡꯁꯤ ꯂꯩꯇꯕ,minungsi leitaba,compassion/humanity not-having,"merciless, inhuman, cruel (of a person or deed)",everyday,current,medium,valid,[],[],True,False,False,False,,literal,transparent,native,,"minungsi is primarily 'compassion, kindness', but it is built on mi 'person' + nungsi 'love' and is commonly rendered 'humanity', so the case for a humanity denial rests partly on that gloss.","The expression negates possession of minungsi, which contains mi 'human/person' and means 'humanity, humane feeling', so it presents the person as lacking humanity.",s1_mei_r1,s2_mei_r1
mei_r1_3,mei,Meithei,Sino-Tibetan,Manipuri,Eurasia,false,,1,3,ꯄꯥꯄꯤ,papi,"sinner (Indo-Aryan loan, from pap 'sin')","sinful, wicked person; used to condemn someone as evil",everyday,current,medium,valid,[],[],False,False,False,False,,,,older_loanword,"Sanskrit (via Indo-Aryan, likely Bengali)",,"A religious-moral label 'sinner' borrowed from Indo-Aryan, which condemns directly rather than through a comparison or other figure.",s1_mei_r1,s2_mei_r1
mei_r1_4,mei,Meithei,Sino-Tibetan,Manipuri,Eurasia,false,,1,4,ꯑꯀꯅꯕ,akanba,"hard, harsh","harsh, severe, hard-hearted; can describe cruel treatment",everyday,current,low,valid,[],[],False,False,False,False,physical hardness metaphor for harshness or lack of feeling,,,native,,,Cruelty is conceptualised through the physical property of hardness.,s1_mei_r1,s2_mei_r1
mei_r1_5,mei,Meithei,Sino-Tibetan,Manipuri,Eurasia,false,,1,5,ꯊꯃꯣꯏ ꯂꯩꯇꯕ,thamoi leitaba,heart not-having,"heartless, pitiless",everyday,current,low,valid,[],[],False,False,False,False,"lacking a heart, the seat of feeling and compassion",,,native,,,"Cruelty is framed as having no heart, a body-part metaphor for absent compassion, and it negates no word for 'human'.",s1_mei_r1,s2_mei_r1
nav_r1_1,nav,Navajo,Na-Dene,Athapaskan,North America,false,,1,1,doo yáʼátʼééh da,,not it-is-good (negative frame),"bad, wrong, wicked. This is the general everyday condemnation of an act or person, intensified with ayóo or yéego ('very, greatly').",everyday,current,high,valid,[],[],False,False,False,False,,,,native,,,A plain negated evaluative ('not good') with no figurative basis.,s1_nav_r1,s2_nav_r1
nav_r1_2,nav,Navajo,Na-Dene,Athapaskan,North America,false,,1,2,hashkééh,,he/she is fierce/mean,"mean, cruel, vicious, fierce (of a person or animal). Often used as 'ayóo hashkééh' (he is very mean/cruel).",everyday,current,medium,valid,[],[],False,False,False,False,,,,native,,,"A literal adjectival verb meaning 'fierce/mean', applied equally to people and animals; it involves no comparison.",s1_nav_r1,s2_nav_r1
nav_r1_3,nav,Navajo,Na-Dene,Athapaskan,North America,false,,1,3,hóchxǫ́ʼ,,"it/things are ugly, disordered (opposite of hózhǫ́)","evil, ugly, disharmonious. It describes something terribly wrong or wicked, in the sense of a violation of harmony.",formal_or_literary,current,medium,valid,[],[],False,False,False,False,violation of cosmic harmony/order (antonym of hózhǫ́),,,native,,,"It frames evil as disorder and disharmony in the Navajo world-order concept, a figurative basis distinct from 'unnatural'.",s1_nav_r1,s2_nav_r1
nav_r1_4,nav,Navajo,Na-Dene,Athapaskan,North America,false,,1,4,bíniʼ doo yáʼátʼééh da,,his/her-mind not it-is-good,"he or she has a bad or evil mind; a malicious, wicked person.",everyday,current,low,valid,[],[],False,False,False,False,bad mind/inner disposition,,,native,,,"It locates wickedness in a bad mind, a metonymic reference to inner disposition rather than a comparison.",s1_nav_r1,s2_nav_r1
nav_r1_5,nav,Navajo,Na-Dene,Athapaskan,North America,false,,1,5,chʼįįdii,,"ghost, evil spirit (devil)","devil, evil spirit. It is used as an insult or curse for a wicked person or a hateful thing.",slang_or_insult,current,medium,valid,[],[],False,False,True,False,,,,native,,,"It labels the person a ghost or evil spirit, a supernatural comparison commonly used as a curse.",s1_nav_r1,s2_nav_r1
nav_r1_6,nav,Navajo,Na-Dene,Athapaskan,North America,false,,1,6,adilgashii,,one who witches (casts corpse-poison),"witch, sorcerer. It is applied to a person regarded as deeply evil and malevolent.",everyday,current,low,valid,[],[],False,False,True,False,,,,native,,"Witches are human practitioners, so the supernatural link is through malevolent occult power rather than a non-human being.","It equates the person with a witch wielding malevolent supernatural power, so it is classed as supernatural.",s1_nav_r1,s2_nav_r1
nav_r1_7,nav,Navajo,Na-Dene,Athapaskan,North America,false,,1,7,naayééʼ,,"monster, enemy (that which kills/harms)","monster. It is figuratively used for a destructive, cruel being or person.",formal_or_literary,current,low,valid,[],[],False,False,True,False,,,,native,,,It likens the person to the mythological monsters slain by the Hero Twins.,s1_nav_r1,s2_nav_r1
ndy_r1_1,ndy,Ndyuka,other,Creoles and Pidgins,South America,false,,1,1,takuu,,bad / ugly,"Bad, evil, wicked. Used of acts and of people to condemn them as wicked.",everyday,current,medium,valid,[],[],False,False,False,False,,,,native,,Ultimate etymology of the creole word (Sranan takru) is uncertain.,"A basic evaluative adjective meaning bad, ugly or evil, used as a plain condemnation with no figurative basis.",s1_ndy_r1,s2_ndy_r1
ndy_r1_2,ndy,Ndyuka,other,Creoles and Pidgins,South America,false,,1,2,takuu sama,,bad person,"An evil, wicked person.",everyday,current,medium,valid,[],[],False,False,False,False,,,,native,,,'Bad person' (sama < English 'somebody') affirms rather than denies personhood and is a plain condemnation.,s1_ndy_r1,s2_ndy_r1
ndy_r1_3,ndy,Ndyuka,other,Creoles and Pidgins,South America,false,,1,3,ogii,,evil / danger / harm,"Evil, wickedness, harm. Also used adjectivally for a wicked or dangerous act or person.",everyday,current,medium,valid,[],[],False,False,False,False,,,,native,,,"An inherited creole word for evil, harm or danger (cognate with Sranan ogri), used as a literal condemnation.",s1_ndy_r1,s2_ndy_r1
ndy_r1_4,ndy,Ndyuka,other,Creoles and Pidgins,South America,false,,1,4,ogii sama,,evil person,"A wicked, malicious or harmful person.",everyday,current,low,valid,[],[],False,False,False,False,,,,native,,,'Evil person' is a plain compositional condemnation with no figurative element or negation of personhood.,s1_ndy_r1,s2_ndy_r1
ndy_r1_5,ndy,Ndyuka,other,Creoles and Pidgins,South America,false,,1,5,wisiman,,witchcraft man,Witch or sorcerer. Used as a strong condemnation of someone who harms others out of malice.,everyday,current,medium,valid,[],[],False,False,False,False,"likening the person to a witch or sorcerer, a practitioner of malevolent occult power",,,native,,,Calling someone a witch condemns them by association with malicious sorcery; a witch is a human practitioner rather than a supernatural being.,s1_ndy_r1,s2_ndy_r1
ndy_r1_6,ndy,Ndyuka,other,Creoles and Pidgins,South America,false,,1,6,wisi,,witchcraft,"Witchcraft or evil magic. Applied to malicious, harmful deeds as the epitome of wickedness.",everyday,current,medium,valid,[],[],False,False,False,False,equating a harmful deed with witchcraft or evil magic,,,native,,,"The deed is figuratively labelled as witchcraft, the cultural epitome of malicious harm, without invoking a supernatural being as such.",s1_ndy_r1,s2_ndy_r1
ndy_r1_7,ndy,Ndyuka,other,Creoles and Pidgins,South America,false,,1,7,takuu ati,,bad heart,"Evil-heartedness, malice. A cruel or malicious disposition.",everyday,current,low,valid,[],[],False,False,False,False,heart as the seat of moral disposition,,,native,,,'Bad heart' uses the heart metaphor for an inner character that is malicious.,s1_ndy_r1,s2_ndy_r1
ndy_r1_8,ndy,Ndyuka,other,Creoles and Pidgins,South America,false,,1,8,didibi,,devil,Devil. Used of a person to call them diabolically wicked.,slang_or_insult,current,low,valid,[],[],False,False,True,False,,,,native,,,Calling a person 'devil' compares them to a supernatural evil being; the word is inherited creole vocabulary ultimately from English 'devil'.,s1_ndy_r1,s2_ndy_r1
nko_r1_1,nko,Nkore-Kiga,Niger-Congo,Bantu,Africa,false,,1,1,omubi,,person-bad,a bad or wicked person; a general condemnation of someone who has done evil,everyday,current,medium,valid,[],[],False,False,False,False,,,,native,,,Class 1 person prefix plus the adjective stem -bi 'bad'. It is a plain literal condemnation and contains no negation of humanity.,s1_nko_r1,s2_nko_r1
nko_r1_2,nko,Nkore-Kiga,Niger-Congo,Bantu,Africa,false,,1,2,kibi munonga,,it(thing)-bad very,"it is very bad, said of a terrible or wicked act",everyday,current,medium,valid,[],[],False,False,False,False,,,,native,,,"The adjective 'bad' with an intensifier, a plain evaluative statement with no figurative basis.",s1_nko_r1,s2_nko_r1
nko_r1_3,nko,Nkore-Kiga,Niger-Congo,Bantu,Africa,false,,1,3,obubi,,badness,"evil, wickedness (the abstract quality or the wicked deeds)",everyday,current,medium,valid,[],[],False,False,False,False,,,,native,,,"An abstract class 14 noun from -bi 'bad', meaning simply wickedness, with no figurative content.",s1_nko_r1,s2_nko_r1
nko_r1_4,nko,Nkore-Kiga,Niger-Congo,Bantu,Africa,false,,1,4,omutima mubi,,heart bad,"a bad or evil heart; describes a cruel, malicious person",everyday,current,low,valid,[],[],False,False,False,False,heart as the seat of moral character (a bad heart),,,native,,,"It locates cruelty in a 'bad heart', a metonymic or metaphorical use of the heart as the seat of disposition.",s1_nko_r1,s2_nko_r1
nko_r1_5,nko,Nkore-Kiga,Niger-Congo,Bantu,Africa,false,,1,5,tarikugira mbabazi,,he/she-not-is-having mercy,he or she has no mercy; is pitiless or cruel,everyday,current,low,valid,[],[],False,False,False,False,,,,native,,,"It negates having mercy, not humanity, so it is a plain literal description of pitilessness.",s1_nko_r1,s2_nko_r1
nko_r1_6,nko,Nkore-Kiga,Niger-Congo,Bantu,Africa,false,,1,6,omurogi,,witch/sorcerer (one who bewitches),"a witch; also used abusively for a malicious, evil-doing person",slang_or_insult,current,low,valid,[],[],False,False,True,False,,,,native,,"A witch is conceptually a human with malign occult powers rather than a non-human spirit, so the supernatural classification is borderline.","An agent noun from -roga 'bewitch' (Proto-Bantu *-dog-), applied abusively to evildoers by likening them to sorcerers with malign occult power.",s1_nko_r1,s2_nko_r1
nko_r1_7,nko,Nkore-Kiga,Niger-Congo,Bantu,Africa,false,,1,7,omunyabibi,,person-of-bad-things,"sinner, evildoer (common in church usage)",formal_or_literary,current,low,valid,[],[],False,False,False,False,,,,native,,It may have been popularised through Christian or Bible-translation usage for 'sinner'.,"Literally 'person of bad things', a plain descriptive term for an evildoer with no figurative basis.",s1_nko_r1,s2_nko_r1
orh_r1_1,orh,Oromo (Harar),Afro-Asiatic,Lowland East Cushitic,Africa,false,,1,1,hamaa,,bad/evil,"evil, wicked, cruel (of a person or deed); the general word for a malicious or harmful person",everyday,current,high,valid,[],[],False,False,False,False,,,,native,,,"A basic native adjective for 'bad/evil', used as a plain condemnation without figurative content.",s1_orh_r1,s2_orh_r1
orh_r1_2,orh,Oromo (Harar),Afro-Asiatic,Lowland East Cushitic,Africa,false,,1,2,gara-jabeessa,,stomach/heart-hard-(one who is),"cruel, merciless, hard-hearted person",everyday,current,high,valid,[],[],False,False,False,False,hard stomach/heart metaphor for lack of compassion,,,native,,,"A native compound from garaa 'stomach/heart' and jabaa 'hard', which conveys cruelty through the metaphor of a hardened inner organ.",s1_orh_r1,s2_orh_r1
orh_r1_3,orh,Oromo (Harar),Afro-Asiatic,Lowland East Cushitic,Africa,false,,1,3,garaa jabaa,,stomach/heart hard,"hard-hearted, pitiless (descriptive phrase for a cruel person)",everyday,current,medium,valid,[],[],False,False,False,False,hard stomach/heart metaphor for lack of compassion,,,native,,,"A native phrase describing the seat of feeling as hard, a figurative image of pitilessness.",s1_orh_r1,s2_orh_r1
orh_r1_4,orh,Oromo (Harar),Afro-Asiatic,Lowland East Cushitic,Africa,false,,1,4,hammeenya,,badness/evil,"wickedness, evil, cruelty (used to condemn an act as evil)",everyday,current,high,valid,[],[],False,False,False,False,,,,native,,,"An abstract noun derived from hamaa 'bad', used as a plain term for evil.",s1_orh_r1,s2_orh_r1
orh_r1_5,orh,Oromo (Harar),Afro-Asiatic,Lowland East Cushitic,Africa,false,,1,5,gara-jabina,,stomach/heart-hardness,"cruelty, mercilessness (of an act)",everyday,current,high,valid,[],[],False,False,False,False,hard stomach/heart metaphor for lack of compassion,,,native,,,"An abstract noun meaning 'stomach-hardness', which denotes cruelty through the hard-heart metaphor.",s1_orh_r1,s2_orh_r1
orh_r1_6,orh,Oromo (Harar),Afro-Asiatic,Lowland East Cushitic,Africa,false,,1,6,gadhee,,bad,"bad, wicked (common in Eastern/Harar Oromo for a bad person or deed)",everyday,regional,medium,valid,[],[],False,False,False,False,,,,native,,,"A native Eastern Oromo word for 'bad', used as a plain condemnation.",s1_orh_r1,s2_orh_r1
orh_r1_7,orh,Oromo (Harar),Afro-Asiatic,Lowland East Cushitic,Africa,false,,1,7,namummaa hin qabu,,humanity not he-has,he has no humanity; condemns someone as inhumanly cruel,everyday,current,medium,valid,[],[],True,False,False,False,,literal,transparent,native,,,"It contains namummaa 'humanity' (from nama 'person') with the negation hin, explicitly denying that the person has humanity.",s1_orh_r1,s2_orh_r1
orh_r1_8,orh,Oromo (Harar),Afro-Asiatic,Lowland East Cushitic,Africa,false,,1,8,Waaqa hin sodaatu,,God not he-fears,he does not fear God; condemns someone as shamelessly wicked,everyday,current,medium,valid,[],[],False,False,False,False,"lack of fear of God, i.e. moral-religious shamelessness",,,native,,,"It condemns wickedness as an absence of reverence for God, which is a religious-moral basis rather than a comparison to a supernatural being.",s1_orh_r1,s2_orh_r1
orh_r1_9,orh,Oromo (Harar),Afro-Asiatic,Lowland East Cushitic,Africa,false,,1,9,seexana,,Satan,devil; calling a person diabolically wicked,slang_or_insult,current,medium,valid,[],[],False,False,True,False,,,,older_loanword,Arabic,,"It calls the person Satan, a supernatural being; the word was borrowed long ago from Arabic shayṭān, possibly via Ethio-Semitic.",s1_orh_r1,s2_orh_r1
orh_r1_10,orh,Oromo (Harar),Afro-Asiatic,Lowland East Cushitic,Africa,false,,1,10,bineensa,,wild beast,"beast; insult for a savage, brutal person",slang_or_insult,current,medium,valid,[],[],False,True,False,False,,,,native,,,It likens the brutal person to a wild beast.,s1_orh_r1,s2_orh_r1
orh_r1_11,orh,Oromo (Harar),Afro-Asiatic,Lowland East Cushitic,Africa,false,,1,11,jal'aa,,crooked,"unjust, perverse, wicked person",everyday,current,medium,valid,[],[],False,False,False,False,crookedness as moral deviation,,,native,,,It uses the spatial image 'crooked' for moral perversity and injustice.,s1_orh_r1,s2_orh_r1
orh_r1_12,orh,Oromo (Harar),Afro-Asiatic,Lowland East Cushitic,Africa,false,,1,12,jibbisiisaa,,causing-hatred,"abhorrent, detestable (of a deed)",everyday,current,medium,valid,[],[],False,False,False,False,,,,native,,,"A causative derivative of jibba 'hate' meaning 'detestable', which is a plain evaluative term.",s1_orh_r1,s2_orh_r1
orh_r1_13,orh,Oromo (Harar),Afro-Asiatic,Lowland East Cushitic,Africa,false,,1,13,suukaneessaa,,horrifying,"horrifying, shocking (of an atrocious act)",formal_or_literary,current,low,valid,[],[],False,False,False,False,,,,native,,Standard spelling is usually sukkanneessaa.,"A causative derivative meaning 'horrifying/shocking', which is a plain evaluative term without figurative imagery.",s1_orh_r1,s2_orh_r1
prs_r1_1,prs,Persian,Indo-European,Iranian,Eurasia,false,,1,1,ظالم,zâlem,oppressor / one who does injustice,"cruel, tyrannical person; someone who wrongs others without mercy; also used as an exclamation at a cruel act",everyday,current,high,valid,[],[],False,False,False,False,,,,older_loanword,Arabic,,"Arabic ẓālim 'oppressor, wrongdoer' is a plain condemnation of injustice with no figurative basis.",s1_prs_r1,s2_prs_r1
prs_r1_2,prs,Persian,Indo-European,Iranian,Eurasia,false,,1,2,بی‌رحم,bi-rahm,without-mercy,"merciless, cruel (of a person or act; the adverb بی‌رحمانه bi-rahmâne means 'cruelly')",everyday,current,high,valid,[],[],False,False,False,False,,,,native,,,"It is a Persian privative compound (bi- plus the Arabic loan rahm) that negates mercy, not humanity, so it is a plain condemnation.",s1_prs_r1,s2_prs_r1
prs_r1_3,prs,Persian,Indo-European,Iranian,Eurasia,false,,1,3,نامرد,nâmard,not-man,"base, treacherous, cowardly person who harms others unfairly; نامردی nâmardi = such an act",everyday,current,high,valid,[],[],False,False,False,False,"lacking manliness and chivalry (javânmardi); base, unfair conduct",,,native,,"Mard goes back to Old Persian martiya 'mortal, human' and could mean 'person' in classical Persian, but in nâmard it is understood as 'man/manly', not 'human'.","Nâ- plus mard negates manliness and honourable conduct rather than humanity as such, so the figurative basis is a lack of chivalrous virtue.",s1_prs_r1,s2_prs_r1
prs_r1_4,prs,Persian,Indo-European,Iranian,Eurasia,false,,1,4,بی‌شرف,bi-sharaf,without-honour,"scoundrel, vile person; strong insult for someone who did something wicked",slang_or_insult,current,high,valid,[],[],False,False,False,False,,,,native,,,"It is a Persian privative compound negating honour (Arabic loan sharaf), which makes it a plain insult with no figurative basis.",s1_prs_r1,s2_prs_r1
prs_r1_5,prs,Persian,Indo-European,Iranian,Eurasia,false,,1,5,وحشی,vahshi,wild / savage,"savage, brutal (of a person or act)",everyday,current,high,valid,[],[],False,False,False,False,"wild, untamed, uncivilised",,,older_loanword,Arabic,"The root waḥš also denotes wild beasts, so a latent animal comparison exists, but vahshi is primarily understood as 'wild, savage' rather than as a comparison to animals.","Arabic waḥšī 'wild, savage' condemns the person as untamed and uncivilised.",s1_prs_r1,s2_prs_r1
prs_r1_6,prs,Persian,Indo-European,Iranian,Eurasia,false,,1,6,بی‌وجدان,bi-vejdân,without-conscience,"conscienceless, heartless person",everyday,current,high,valid,[],[],False,False,False,False,,,,native,,,"It is a Persian privative compound negating conscience (Arabic loan vejdân), a plain condemnation like 'heartless'.",s1_prs_r1,s2_prs_r1
prs_r1_7,prs,Persian,Indo-European,Iranian,Eurasia,false,,1,7,سنگدل,sangdel,stone-heart,"hard-hearted, pitiless",everyday,current,high,valid,[],[],False,False,False,False,"heart of stone (hardness, insensitivity)",,,native,,,This native compound of sang 'stone' and del 'heart' uses the metaphor of a stony heart for pitilessness.,s1_prs_r1,s2_prs_r1
prs_r1_8,prs,Persian,Indo-European,Iranian,Eurasia,false,,1,8,از خدا بی‌خبر,az khodâ bi-khabar,from God without-news (unaware of God),godless wretch; someone who does wicked things with no fear of God,everyday,current,high,valid,[],[],False,False,False,False,godlessness: unaware of or not fearing God,,,native,,,"It condemns the person as having no awareness or fear of God, a religious basis rather than a comparison with a supernatural being.",s1_prs_r1,s2_prs_r1
prs_r1_9,prs,Persian,Indo-European,Iranian,Eurasia,false,,1,9,خدا ازش نگذره,khodâ azash nagzare,God from-him/her not-pass (may God not pardon him/her),curse uttered against someone who has done something cruel or wicked,everyday,current,high,valid,[],[],False,False,False,False,imprecation invoking divine non-forgiveness,,,native,,,"This colloquial curse wishes that God not pardon the wrongdoer, invoking divine judgement.",s1_prs_r1,s2_prs_r1
prs_r1_10,prs,Persian,Indo-European,Iranian,Eurasia,false,,1,10,پست‌فطرت,past-fetrat,low-nature,"base-natured, vile person",slang_or_insult,current,high,valid,[],[],False,False,False,False,low/base innate disposition (spatial metaphor of lowness),,,native,,,"Combining Persian past 'low' with the Arabic loan fetrat 'innate nature', it presents the person as base by nature but not as violating nature.",s1_prs_r1,s2_prs_r1
prs_r1_11,prs,Persian,Indo-European,Iranian,Eurasia,false,,1,11,جنایتکار,jenâyatkâr,crime-doer,"criminal, perpetrator of atrocious crimes",everyday,current,high,valid,[],[],False,False,False,False,,,,native,,,"It is a Persian agentive compound (Arabic jenâyat 'crime' plus -kâr) that literally means criminal, a plain condemnation.",s1_prs_r1,s2_prs_r1
prs_r1_12,prs,Persian,Indo-European,Iranian,Eurasia,false,,1,12,خبیث,khabis,foul / wicked (Arabic loan),"malicious, wicked, evil",everyday,current,high,valid,[],[],False,False,False,False,,,,older_loanword,Arabic,,"Arabic ḫabīṯ 'foul, wicked' is a plain condemnation of malice.",s1_prs_r1,s2_prs_r1
prs_r1_13,prs,Persian,Indo-European,Iranian,Eurasia,false,,1,13,شیطان‌صفت,sheytân-sefat,Satan-quality,"devilish, fiendish person",everyday,current,high,valid,[],[],False,False,False,True,,,,native,,,"This Persian compound of Arabic sheytân and sefat attributes Satan's qualities to the person, which is a supernatural comparison.",s1_prs_r1,s2_prs_r1
prs_r1_14,prs,Persian,Indo-European,Iranian,Eurasia,false,,1,14,سفاک,saffâk,blood-shedder,"bloodthirsty, ruthless killer",formal_or_literary,current,high,valid,[],[],False,False,False,False,,,,older_loanword,Arabic,,"Arabic saffāk 'shedder of blood' literally describes a bloodthirsty killer, with no figurative basis.",s1_prs_r1,s2_prs_r1
prs_r1_15,prs,Persian,Indo-European,Iranian,Eurasia,false,,1,15,قسی‌القلب,qasi-ol-qalb,hard-of-the-heart,"hard-hearted, cruel",formal_or_literary,current,high,valid,[],[],False,False,False,False,hardness of heart,,,older_loanword,Arabic,,This Arabic phrase qāsī al-qalb 'hard of heart' uses the metaphor of a hardened heart for cruelty.,s1_prs_r1,s2_prs_r1
pit_r1_1,pit,Pitjantjatjara,Pama-Nyungan,Western Pama-Nyungan,Australia,false,,1,1,kura,,bad,"Bad, wrong, wicked. This is the general word for condemning an act or a person as morally bad. It is not specifically 'extraordinarily cruel', but it is the usual everyday term.",everyday,current,high,valid,[],[],False,False,False,False,,,,native,,,"Kura is the basic native adjective 'bad', a plain evaluative condemnation with no figurative basis.",s1_pit_r1,s2_pit_r1
pit_r1_2,pit,Pitjantjatjara,Pama-Nyungan,Western Pama-Nyungan,Australia,false,,1,2,kuya,,bad,"Bad, wicked. This is the Yankunytjatjara-leaning equivalent of kura, heard in mixed Pitjantjatjara/Yankunytjatjara communities.",everyday,regional,medium,valid,[],[],False,False,False,False,,,,native,,,"Kuya is the Yankunytjatjara-style dialect equivalent of kura 'bad', a plain condemnation with no figurative basis.",s1_pit_r1,s2_pit_r1
pit_r1_3,pit,Pitjantjatjara,Pama-Nyungan,Western Pama-Nyungan,Australia,false,,1,3,mamu,,"evil spirit, monster",A malevolent spirit or demon. It can be applied to a person whose behaviour is monstrous or evil.,everyday,current,medium,valid,[],[],False,False,True,False,,,,native,,,"Mamu names a malevolent spirit or monster, so applying it to a person compares them to a supernatural being; it contains no word for 'person' with a negation.",s1_pit_r1,s2_pit_r1
pit_r1_4,pit,Pitjantjatjara,Pama-Nyungan,Western Pama-Nyungan,Australia,false,,1,4,wati kura,,man bad,"A bad or wicked man, a wrongdoer.",everyday,current,medium,valid,[],[],False,False,False,False,,,,native,,,"Wati kura literally means 'bad man', so it affirms rather than denies personhood and has no figurative basis.",s1_pit_r1,s2_pit_r1
pit_r1_5,pit,Pitjantjatjara,Pama-Nyungan,Western Pama-Nyungan,Australia,false,,1,5,rama,,"mad, crazy",Crazy or out of control. It is used of someone who behaves violently or without restraint.,everyday,current,medium,valid,[],[],False,False,False,False,madness: violent or cruel behaviour framed as insanity or loss of control,,,native,,Primarily means crazy or wild rather than cruel or wicked.,"Rama 'mad, crazy' condemns behaviour by attributing it to derangement, which is a figurative basis other than animal, supernatural or unnatural.",s1_pit_r1,s2_pit_r1
pit_r1_6,pit,Pitjantjatjara,Pama-Nyungan,Western Pama-Nyungan,Australia,false,,1,6,mulyamiri,,nose-? (unclear),"Cheeky, disrespectful, defiant. This condemns bad behaviour, but it is milder than 'cruel'.",everyday,current,low,valid,[],[],False,False,False,False,possibly a body-part idiom based on mulya 'nose',,,native,,The form and morphology are uncertain: '-miri' is not a clearly productive Pitjantjatjara suffix. The word means 'cheeky' or 'insolent' rather than 'cruel'.,"The word condemns cheeky, defiant behaviour; any figurative basis would come from the possible 'nose' element, and there is no humanity denial, animal or supernatural comparison.",s1_pit_r1,s2_pit_r1
qim_r1_1,qim,Quechua (Imbabura),Quechuan,Quechuan,South America,false,,1,1,millay,,ugly / nasty / fierce,"Bad, nasty, mean or cruel, of a person or an act. Also means 'ugly' and 'disgusting'.",everyday,current,high,valid,[],[],False,False,False,False,disgust/ugliness extended to moral badness,,,native,,,"A native adjective whose core sense of ugliness and repugnance is extended to moral nastiness, with no reference to humanity, animals or the supernatural.",s1_qim_r1,s2_qim_r1
qim_r1_2,qim,Quechua (Imbabura),Quechuan,Quechuan,South America,false,,1,2,millay runa,,nasty person,"A wicked, mean or cruel person.",everyday,current,medium,valid,[],[],False,False,False,False,disgust/ugliness extended to moral badness,,,native,,,"Contains runa 'person' but affirms rather than negates personhood, and qualifies it with the disgust-based adjective millay.",s1_qim_r1,s2_qim_r1
qim_r1_3,qim,Quechua (Imbabura),Quechuan,Quechuan,South America,false,,1,3,mana alli,,not good,"Bad or wicked, of a deed or a person. A general term of moral condemnation.",everyday,current,high,valid,[],[],False,False,False,False,,,,native,,,A plain negation of 'good' with no figurative basis.,s1_qim_r1,s2_qim_r1
qim_r1_4,qim,Quechua (Imbabura),Quechuan,Quechuan,South America,false,,1,4,mana alli runa,,not good person,A bad or wicked person.,everyday,current,medium,valid,[],[],False,False,False,False,,,,native,,,"The negation mana applies to alli 'good', not to runa 'person', so humanity is not denied.",s1_qim_r1,s2_qim_r1
qim_r1_5,qim,Quechua (Imbabura),Quechuan,Quechuan,South America,false,,1,5,piña,,fierce / angry,"Fierce, violent or bad-tempered. Used of people or animals that act harshly or cruelly.",everyday,current,medium,valid,[],[],False,False,False,False,,,,native,,,A native adjective for fierceness that can apply to animals but involves no explicit comparison with one.,s1_qim_r1,s2_qim_r1
qim_r1_6,qim,Quechua (Imbabura),Quechuan,Quechuan,South America,false,,1,6,supay,,devil,Devil. Applied to a person to brand them as diabolically wicked.,slang_or_insult,current,medium,valid,[],[],False,False,True,False,,,,native,,,"It brands the person as the devil, a supernatural being; supay is a native word that was re-semanticised as 'devil' under Christian influence.",s1_qim_r1,s2_qim_r1
qim_r1_7,qim,Quechua (Imbabura),Quechuan,Quechuan,South America,false,,1,7,supay shina,,devil like,Like a devil; describes someone who acts with diabolical cruelty or wickedness.,everyday,current,low,valid,[],[],False,False,True,False,,,,native,,,An explicit simile with the devil using native shina 'like'.,s1_qim_r1,s2_qim_r1
qim_r1_8,qim,Quechua (Imbabura),Quechuan,Quechuan,South America,false,,1,8,awka,,savage / heathen / enemy,Savage or barbarous. Used pejoratively of someone who behaves brutally or without moral restraint.,slang_or_insult,current,low,valid,[],[],False,False,False,False,likening to an uncivilised enemy or heathen outsider,,,native,,,"It condemns by assigning the person to the category of savage heathen or enemy outsiders, but contains no word for 'human' that is negated.",s1_qim_r1,s2_qim_r1
qim_r1_9,qim,Quechua (Imbabura),Quechuan,Quechuan,South America,false,,1,9,mana kuyak,,not loving/pitying-AGENT,"One without love or compassion; heartless, merciless.",everyday,current,low,valid,[],[],False,False,False,False,,,,native,,Imbabura usage may more often be 'mana llakik' for 'pitiless'.,"It negates love or compassion rather than humanity, so it is a plain 'merciless'-type expression.",s1_qim_r1,s2_qim_r1
rus_r1_1,rus,Russian,Indo-European,Slavic,Eurasia,true,known_language,1,1,жестокий,zhestokiy,cruel / hard,Cruel. The basic adjective for a cruel person or act.,everyday,current,high,valid,[],[],False,False,False,False,hardness/stiffness metaphor (жесткий 'hard'),,,native,,,"Basic adjective derived from a root meaning 'hard, stiff', so cruelty is construed as hardness, with no humanity, animal or supernatural element.",s1_rus_r1,s2_rus_r1
rus_r1_2,rus,Russian,Indo-European,Slavic,Eurasia,true,known_language,1,2,изверг,izverg,"one cast out (from izvergnut' 'to cast out, expel')","A monster of cruelty. Used of someone who has done something outrageously cruel, e.g. to a child or animal.",everyday,current,high,valid,[],[],False,False,False,False,"outcast, one expelled (from the community)",,,native,,,"Derived from извергнуть 'cast out', it presents the person as expelled or an outcast, but it contains no word for 'human', so it does not count as denying humanity.",s1_rus_r1,s2_rus_r1
rus_r1_3,rus,Russian,Indo-European,Slavic,Eurasia,true,known_language,1,3,зверство,zverstvo,beast-ness,"An atrocity, a savagely cruel act. Often 'это зверство!' ('this is barbaric!'). The related 'зверь' ('beast') is used of the person.",everyday,current,high,valid,[],[],False,True,False,False,,,,native,,,"Built on зверь 'wild beast', it likens the act to the behaviour of a beast.",s1_rus_r1,s2_rus_r1
rus_r1_4,rus,Russian,Indo-European,Slavic,Eurasia,true,known_language,1,4,нелюдь,nelyud',non-human / not-people,An inhuman monster. Strong condemnation of someone whose cruelty puts them outside humanity.,slang_or_insult,current,high,valid,[],[],True,False,False,False,,literal,transparent,native,,"In folklore it can also denote a non-human (demonic) creature, but the core is the negation of люди 'people'.",не- 'not' combined with люд 'people' visibly and transparently denies the person's humanity.,s1_rus_r1,s2_rus_r1
rus_r1_5,rus,Russian,Indo-European,Slavic,Eurasia,true,known_language,1,5,садист,sadist,sadist,Someone who enjoys inflicting suffering. Used loosely in everyday speech for any cruel tormentor.,everyday,current,high,valid,[],[],False,False,False,False,eponym (Marquis de Sade) / psychiatric term for deriving pleasure from cruelty,,,recent_loanword,French,,"An eponymous psychiatric term borrowed from French sadiste around the turn of the 20th century, applied loosely to tormentors.",s1_rus_r1,s2_rus_r1
rus_r1_6,rus,Russian,Indo-European,Slavic,Eurasia,true,known_language,1,6,бесчеловечный,beschelovechnyy,without-human-ness,"Inhuman, inhumane. Used of acts, treatment or people.",formal_or_literary,current,high,valid,[],[],True,False,False,False,,literal,transparent,calque,Greek,,без- 'without' combined with человек 'human' visibly denies humanity; it is a Church Slavonic formation modelled on Greek ἀπάνθρωπος.,s1_rus_r1,s2_rus_r1
rus_r1_7,rus,Russian,Indo-European,Slavic,Eurasia,true,known_language,1,7,чудовище,chudovishche,monster,A monster. Said of a person who has done something terribly cruel or wicked. 'Монстр' is used similarly.,everyday,current,high,valid,[],[],False,False,True,False,,,,native,,,"It compares the person to a monster, a fabulous prodigious being (from чудо 'marvel').",s1_rus_r1,s2_rus_r1
rus_r1_8,rus,Russian,Indo-European,Slavic,Eurasia,true,known_language,1,8,мразь,mraz',"filth, scum (originally 'frost, slush')","Scum. A harsh insult for a vile, wicked or cruel person.",slang_or_insult,current,high,valid,[],[],False,False,False,False,"filth, scum, vile matter",,,native,,,"It equates the person with filth or slush, a metaphor of disgusting matter.",s1_rus_r1,s2_rus_r1
rus_r1_9,rus,Russian,Indo-European,Slavic,Eurasia,true,known_language,1,9,ирод,irod,Herod,"A tormentor, a heartless villain. Alludes to the biblical King Herod; colloquial and somewhat folksy.",everyday,current,high,valid,[],[],False,False,False,False,allusion to the biblical villain King Herod (massacre of the innocents),,,older_loanword,Greek,,"The name Herod, borrowed via Church Slavonic from Greek Ἡρῴδης, serves as an antonomasia for a cruel tormentor.",s1_rus_r1,s2_rus_r1
rus_r1_10,rus,Russian,Indo-European,Slavic,Eurasia,true,known_language,1,10,изувер,izuver,fanatic (originally a religious zealot),"A savage torturer, someone who commits monstrously cruel acts. 'Изуверство' means atrocious cruelty.",formal_or_literary,current,high,valid,[],[],False,False,False,False,religious fanatic / one deviating from the true faith,,,native,,,"Formed from из- plus вера 'faith', it originally meant a heretic or fanatic and later shifted to mean a savage torturer.",s1_rus_r1,s2_rus_r1
rus_r1_11,rus,Russian,Indo-European,Slavic,Eurasia,true,known_language,1,11,живодёр,zhivodyor,live-flayer (originally a knacker),"A cruel person, especially one who tortures animals; a heartless brute.",everyday,current,high,valid,[],[],False,False,False,False,one who flays alive (knacker's trade),,,native,,,"Composed of живой 'alive' and драть 'flay', it depicts the person as one who skins creatures alive, without comparing the person to an animal.",s1_rus_r1,s2_rus_r1
rus_r1_12,rus,Russian,Indo-European,Slavic,Eurasia,true,known_language,1,12,злодей,zlodey,evil-doer,"A villain, an evildoer. 'Злодеяние' means an evil, heinous deed.",everyday,current,high,valid,[],[],False,False,False,False,,,,native,,,"Literally 'evil-doer', it is a plain condemnation with no figurative basis.",s1_rus_r1,s2_rus_r1
rus_r1_13,rus,Russian,Indo-European,Slavic,Eurasia,true,known_language,1,13,креста на тебе нет,kresta na tebe net,of-cross on you there-is-not,"'You have no cross on you', i.e. you have no conscience. A reproach for a heartless or cruel act.",everyday,current,high,valid,[],[],False,False,False,False,"lacking a baptismal cross, i.e. godless, unchristian, without conscience",,,native,,,"It condemns the person as lacking the Christian cross, a religious metonymy for having no conscience.",s1_rus_r1,s2_rus_r1
rus_r1_14,rus,Russian,Indo-European,Slavic,Eurasia,true,known_language,1,14,выродок,vyrodok,degenerate / one born out (of the kind),"A degenerate, a monster. A harsh insult for someone who did something vile or cruel.",slang_or_insult,current,high,valid,[],[],False,False,False,True,,,,native,,,"Formed from вы- 'out' and род 'kin, birth', it presents the person as a degenerate offspring who has deviated from their natural kind.",s1_rus_r1,s2_rus_r1
rus_r1_15,rus,Russian,Indo-European,Slavic,Eurasia,true,known_language,1,15,душегуб,dushegub,soul-destroyer,"A murderer, a cruel killer or tormentor. Folk-flavoured and somewhat old-fashioned.",formal_or_literary,current,medium,valid,[],[],False,False,False,False,destroyer of souls (killer of living beings),,,native,,,"Composed of душа 'soul' and губить 'destroy', it presents the person as a killer who destroys lives (souls).",s1_rus_r1,s2_rus_r1
san_r1_1,san,Sango,Niger-Congo,Ubangi,Africa,false,,1,1,sioni,,bad,"Bad, evil, wicked. It is the general word, applied to acts or people and intensified for strong condemnation.",everyday,current,high,valid,[],[],False,False,False,False,,,,native,,,"The plain evaluative adjective 'bad, evil' carries no figurative basis.",s1_san_r1,s2_san_r1
san_r1_2,san,Sango,Niger-Congo,Ubangi,Africa,false,,1,2,sioni zo,,bad person,A wicked or evil person.,everyday,current,high,valid,[],[],False,False,False,False,,,,native,,,'Bad person' affirms rather than denies personhood and is a literal condemnation.,s1_san_r1,s2_san_r1
san_r1_3,san,Sango,Niger-Congo,Ubangi,Africa,false,,1,3,zo ti sioni,,person of badness,An evil person or evildoer.,everyday,current,medium,valid,[],[],False,False,False,False,,,,native,,,"'Person of badness' is a literal genitive construction labelling an evildoer, with no figurative basis.",s1_san_r1,s2_san_r1
san_r1_4,san,Sango,Niger-Congo,Ubangi,Africa,false,,1,4,bê ti lo ayeke sioni,,heart of him/her is bad,He/she is malicious or wicked-hearted.,everyday,current,medium,valid,[],[],False,False,False,False,heart as the seat of character (bad heart),,,native,,,"Wickedness is located figuratively in a bad heart, a body-part metaphor for disposition.",s1_san_r1,s2_san_r1
san_r1_5,san,Sango,Niger-Congo,Ubangi,Africa,false,,1,5,bê ngangü,,heart hard,"Hard-heartedness, pitilessness, cruelty.",everyday,current,low,valid,[],[],False,False,False,False,hard heart: physical hardness of the heart as pitilessness,,,native,,,"Cruelty is expressed through the metaphor of a hard heart, which is not covered by the listed categories.",s1_san_r1,s2_san_r1
san_r1_6,san,Sango,Niger-Congo,Ubangi,Africa,false,,1,6,wasioni,,agent-bad (one who does evil),"Evildoer, wicked person (also 'the Evil One' in religious usage).",formal_or_literary,current,low,valid,[],[],False,False,False,False,,,,native,,The religious sense 'the Evil One' (Satan) is a separate use and does not apply when the word is used of people.,"This is the agentive prefix wa- plus 'bad', a literal agent noun meaning 'evildoer'.",s1_san_r1,s2_san_r1
san_r1_7,san,Sango,Niger-Congo,Ubangi,Africa,false,,1,7,wali-kundu / zo ti likundu,,witch / person of witchcraft,"A witch, i.e. a person with an evil inner power. It is used as an accusation against someone thought to do monstrous, harmful things.",slang_or_insult,current,medium,valid,[],[],False,False,True,False,,,,native,,"'wali' normally means 'woman', so 'wali-kundu' may specifically mean 'witch-woman'; the general term is more usually 'zo ti likundu' or 'wa-likundu'.","The accusation casts the person as a witch possessing likundu, an occult evil power, which is a supernatural characterization.",s1_san_r1,s2_san_r1
shk_r1_1,shk,Shipibo-Konibo,Pano-Tacanan,Panoan,South America,false,,1,1,chaka,,bad / evil,"Bad, wicked, evil. Said of a person or a deed judged morally bad. It can be intensified to condemn especially wicked behaviour.",everyday,current,medium,valid,[],[],False,False,False,False,,,,native,,,"Chaka is the basic native adjective for 'bad, evil' and is a plain condemnation with no figurative basis.",s1_shk_r1,s2_shk_r1
shk_r1_2,shk,Shipibo-Konibo,Pano-Tacanan,Panoan,South America,false,,1,2,jakóma,,good-NEG (not good),"Bad, not good. A general term of disapproval for a person or an act. It is milder and less specific than a word for 'cruel'.",everyday,current,medium,valid,[],[],False,False,False,False,,,,native,,Mild general disapproval; it is not really specific to extraordinary cruelty.,"Jakóma negates 'good' (jakon + -oma), not 'human', so it is a plain negated evaluative term without figurative content.",s1_shk_r1,s2_shk_r1
shk_r1_3,shk,Shipibo-Konibo,Pano-Tacanan,Panoan,South America,false,,1,3,yoshin,,evil spirit / demon,Demon or evil spirit. Applying it to a person brands them as demonic or wicked. Its use as a personal condemnation is uncertain.,slang_or_insult,current,low,valid,[],[],False,False,True,False,,,,native,,Its use as a direct epithet for cruel persons is not well documented.,"Yoshin denotes a spirit or demon, so applying it to a person compares them to a supernatural being.",s1_shk_r1,s2_shk_r1
spa_r1_1,spa,Spanish,Indo-European,Romance,Eurasia,false,,1,1,una barbaridad,,a barbarity,"an atrocious, outrageous act; something shockingly cruel or excessive",everyday,current,high,valid,[],[],False,False,False,False,"likens the act to the behaviour of barbarians, i.e. uncivilized foreigners",,,native,,,"Derived from bárbaro (Latin barbarus, Greek barbaros 'foreigner'), it condemns the act as uncivilized without explicitly negating humanity.",s1_spa_r1,s2_spa_r1
spa_r1_2,spa,Spanish,Indo-European,Romance,Eurasia,false,,1,2,una salvajada,,a savage-act,"a brutal, savage act of cruelty or violence",everyday,current,high,valid,[],[],False,False,False,False,"likens the act to the conduct of savages, i.e. wild, uncivilized people",,,native,,,"Formed in Spanish from salvaje (ultimately Latin silvaticus 'of the woods', via Catalan/Occitan) with -ada, it evokes uncivilized wildness.",s1_spa_r1,s2_spa_r1
spa_r1_3,spa,Spanish,Indo-European,Romance,Eurasia,false,,1,3,una monstruosidad,,a monstrosity,"a monstrous, atrocious act",everyday,current,high,valid,[],[],False,False,True,False,,,,native,,,"Derived from monstruo, it presents the act as befitting a monster.",s1_spa_r1,s2_spa_r1
spa_r1_4,spa,Spanish,Indo-European,Romance,Eurasia,false,,1,4,un monstruo,,a monster,a person who commits extraordinarily cruel acts,everyday,current,high,valid,[],[],False,False,True,False,,,,native,,,"Calls the person a monster, a comparison with a monstrous being.",s1_spa_r1,s2_spa_r1
spa_r1_5,spa,Spanish,Indo-European,Romance,Eurasia,false,,1,5,una atrocidad,,an atrocity,"an atrocious, extremely cruel act",everyday,current,high,valid,[],[],False,False,False,False,,,,native,,,"A learned Latinism (atrocitas, from atrox 'fierce, dreadful') used as a plain term of condemnation.",s1_spa_r1,s2_spa_r1
spa_r1_6,spa,Spanish,Indo-European,Romance,Eurasia,false,,1,6,una crueldad,,a cruelty,a cruel act,everyday,current,high,valid,[],[],False,False,False,False,,,,native,,,A plain abstract noun for a cruel act with no figurative basis.,s1_spa_r1,s2_spa_r1
spa_r1_7,spa,Spanish,Indo-European,Romance,Eurasia,false,,1,7,una animalada,,an animal-act,"a brutish, savage or senseless act, often violent",everyday,current,high,valid,[],[],False,True,False,False,,,,native,,,"Formed from animal with -ada, it presents the act as something an animal would do.",s1_spa_r1,s2_spa_r1
spa_r1_8,spa,Spanish,Indo-European,Romance,Eurasia,false,,1,8,un salvaje,,a savage,"a brutal, cruel person",everyday,current,high,valid,[],[],False,False,False,False,"likens the person to a savage, a wild, uncivilized person",,,older_loanword,Catalan/Occitan,,"Salvaje, a medieval borrowing from Catalan/Occitan salvatge, brands the person as uncivilized rather than explicitly non-human.",s1_spa_r1,s2_spa_r1
spa_r1_9,spa,Spanish,Indo-European,Romance,Eurasia,false,,1,9,un animal,,an animal,"a brutish, violent person",slang_or_insult,current,high,valid,[],[],False,True,False,False,,,,native,,,Directly calls the person an animal.,s1_spa_r1,s2_spa_r1
spa_r1_10,spa,Spanish,Indo-European,Romance,Eurasia,false,,1,10,un desalmado,,a de-souled (one),"a heartless, merciless person",everyday,current,high,valid,[],[],False,False,False,False,lacking a soul,,,native,,,"Des- + alma + -ado 'without soul' negates the soul, not humanity itself.",s1_spa_r1,s2_spa_r1
spa_r1_11,spa,Spanish,Indo-European,Romance,Eurasia,false,,1,11,no tener corazón,,not to have heart,"to be heartless, without compassion",everyday,current,high,valid,[],[],False,False,False,False,"lacking a heart, the seat of compassion",,,native,,,The idiom uses the heart as a metaphor for compassion and denies its possession.,s1_spa_r1,s2_spa_r1
spa_r1_12,spa,Spanish,Indo-European,Romance,Eurasia,false,,1,12,un sádico,,a sadist,a person who enjoys inflicting cruelty,everyday,current,high,valid,[],[],False,False,False,False,eponym: likens the person to the Marquis de Sade,,,recent_loanword,French,"Spanish adoption may date to around 1900, so the dating is borderline.","Borrowed from French sadique, it is derived from the name of the Marquis de Sade.",s1_spa_r1,s2_spa_r1
spa_r1_13,spa,Spanish,Indo-European,Romance,Eurasia,false,,1,13,un hijo de puta,,a son of whore,"a vile, wicked person (strong insult, used for someone who has done something cruel)",slang_or_insult,current,high,valid,[],[],False,False,False,False,insult by dishonourable birth (mother a prostitute),,,native,,,A vulgar insult whose basis is the alleged ignominy of the person's mother and origin.,s1_spa_r1,s2_spa_r1
spa_r1_14,spa,Spanish,Indo-European,Romance,Eurasia,false,,1,14,tener mala leche,,to have bad milk,"to be ill-intentioned, malicious, spiteful",slang_or_insult,current,high,valid,[],[],False,False,False,False,"bad character attributed to bad (breast) milk, a bodily-humour metaphor",,,native,,It is usually used for malice or bad temper rather than extraordinary cruelty.,"It reflects the folk belief that temperament is transmitted through milk, so 'bad milk' means ill will.",s1_spa_r1,s2_spa_r1
spa_r1_15,spa,Spanish,Indo-European,Romance,Eurasia,false,,1,15,una canallada,,a scoundrel-act,"a vile, despicable, wicked act",everyday,current,high,valid,[],[],False,False,False,False,likens the act to the behaviour of rabble or scoundrels (etymologically a 'pack of dogs'),,,native,,"The underlying canalla is an older loanword from Italian canaglia (from cane 'dog'), but the dog sense is opaque today.","Formed in Spanish from canalla 'scoundrel, rabble', it condemns the act as base and vile with no transparent animal comparison.",s1_spa_r1,s2_spa_r1
swa_r1_1,swa,Swahili,Niger-Congo,Bantu,Africa,false,,1,1,katili / mkatili,,cruel / cruel person (m- person-class prefix + katili),"Cruel, merciless; a cruel, brutal person.",everyday,current,high,valid,[],[],False,False,False,False,,,,older_loanword,Arabic,,"A plain adjective/noun for cruelty, generally traced to Arabic qātil 'killer', with no figurative basis in current use.",s1_swa_r1,s2_swa_r1
swa_r1_2,swa,Swahili,Niger-Congo,Bantu,Africa,false,,1,2,ukatili,,u- (abstract noun prefix) + cruel = cruelty,"Cruelty, brutality, used to condemn an act, e.g. 'huu ni ukatili' (this is cruelty).",everyday,current,high,valid,[],[],False,False,False,False,,,,older_loanword,Arabic,,"An abstract noun derived from the Arabic-origin katili, a plain term for cruelty.",s1_swa_r1,s2_swa_r1
swa_r1_3,swa,Swahili,Niger-Congo,Bantu,Africa,false,,1,3,unyama,,"u- (abstract prefix) + animal = animality, beastliness","Barbarity, an inhuman act, e.g. 'huu ni unyama'. Very common in Tanzanian speech and media for atrocious acts.",everyday,current,high,valid,[],[],False,True,False,False,,,,native,,,"Built on the native Bantu noun nyama 'animal', it labels the act as animal-like behaviour.",s1_swa_r1,s2_swa_r1
swa_r1_4,swa,Swahili,Niger-Congo,Bantu,Africa,false,,1,4,kinyama,,ki- (manner prefix) + animal = in an animal-like way,"Brutally, savagely, e.g. 'aliuawa kinyama' (he was killed brutally).",everyday,current,high,valid,[],[],False,True,False,False,,,,native,,,"A manner adverb from nyama 'animal', meaning 'in the way of an animal'.",s1_swa_r1,s2_swa_r1
swa_r1_5,swa,Swahili,Niger-Congo,Bantu,Africa,false,,1,5,mnyama,,"animal, beast","Said of a person ('wewe ni mnyama', you are a beast) to brand them as inhumanly cruel.",slang_or_insult,current,high,valid,[],[],False,True,False,False,,,,native,,,It directly calls the person an animal or beast.,s1_swa_r1,s2_swa_r1
swa_r1_6,swa,Swahili,Niger-Congo,Bantu,Africa,false,,1,6,roho mbaya,,soul/spirit bad,"Malice, wickedness, a cruel heart; 'ana roho mbaya' means he is malicious or wicked.",everyday,current,high,valid,[],[],False,False,False,False,wickedness located in a bad inner soul/spirit,,,native,,,"A Swahili collocation (roho itself comes from Arabic rūḥ) that attributes cruelty to a bad soul, the seat of character.",s1_swa_r1,s2_swa_r1
swa_r1_7,swa,Swahili,Niger-Congo,Bantu,Africa,false,,1,7,hana huruma,,he/she-has-not mercy/compassion,He or she is merciless or heartless.,everyday,current,high,valid,[],[],False,False,False,False,,,,native,,,"It negates mercy rather than humanity, so it is a plain description of lacking compassion.",s1_swa_r1,s2_swa_r1
swa_r1_8,swa,Swahili,Niger-Congo,Bantu,Africa,false,,1,8,hana utu,,"he/she-has-not humanity (utu = humaneness, personhood)","He or she lacks basic humanity, is inhuman.",everyday,current,high,valid,[],[],True,False,False,False,,literal,transparent,native,,,"Utu, from the root -tu 'person', means humanity, and hana negates possession of it, giving an explicit and transparent denial of humanity.",s1_swa_r1,s2_swa_r1
swa_r1_9,swa,Swahili,Niger-Congo,Bantu,Africa,false,,1,9,mwovu / uovu,,"evil person / evil(ness) (from -ovu 'evil, bad')","A wicked person / wickedness, evil.",everyday,current,high,valid,[],[],False,False,False,False,,,,native,,,A plain native term for evil or wickedness built on the root -ovu.,s1_swa_r1,s2_swa_r1
swa_r1_10,swa,Swahili,Niger-Congo,Bantu,Africa,false,,1,10,shetani,,"Satan, devil",Applied to a person ('ni shetani') to call them devilishly wicked.,slang_or_insult,current,high,valid,[],[],False,False,True,False,,,,older_loanword,Arabic,,It compares the person to Satan or a devil; the word comes from Arabic shayṭān.,s1_swa_r1,s2_swa_r1
swa_r1_11,swa,Swahili,Niger-Congo,Bantu,Africa,false,,1,11,dhalimu,,"oppressor, unjust one (Arabic loan)","A tyrant or oppressor who treats others cruelly and unjustly; also 'udhalimu', tyranny or cruelty.",formal_or_literary,current,high,valid,[],[],False,False,False,False,,,,older_loanword,Arabic,,"A plain term for an oppressor, from Arabic ẓālim 'unjust one'.",s1_swa_r1,s2_swa_r1
swa_r1_12,swa,Swahili,Niger-Congo,Bantu,Africa,false,,1,12,ibilisi,,"devil (Arabic loan, Iblis)",Used of a person as an insult for extreme wickedness.,slang_or_insult,current,medium,valid,[],[],False,False,True,False,,,,older_loanword,Arabic,,It likens the person to the devil Iblīs; the word is borrowed from Arabic.,s1_swa_r1,s2_swa_r1
swa_r1_13,swa,Swahili,Niger-Congo,Bantu,Africa,false,,1,13,moyo wa jiwe,,heart of stone,"Hard-hearted, pitiless.",everyday,current,medium,valid,[],[],False,False,False,False,"heart likened to stone (hardness, insensibility)",,,native,,Possibly influenced by the biblical or English 'heart of stone'.,A metaphor of a stone heart standing for pitilessness.,s1_swa_r1,s2_swa_r1
swa_r1_14,swa,Swahili,Niger-Congo,Bantu,Africa,false,,1,14,roho ya kinyama,,soul of beastly (kind),"A savage, beastly disposition; said of someone capable of atrocious cruelty.",everyday,current,medium,valid,[],[],False,True,False,False,cruelty located in the inner soul,,,native,,,"It describes the person's soul as beastly, using kinyama from nyama 'animal'.",s1_swa_r1,s2_swa_r1
tag_r1_1,tag,Tagalog,Austronesian,Greater Central Philippine,Papunesia,false,,1,1,malupit,,cruel (ma- adjective prefix + lupit 'cruelty'),Cruel or harsh; describes a person or act that inflicts suffering without mercy.,everyday,current,high,valid,[],[],False,False,False,False,,,,native,,,"This is a plain adjective meaning 'cruel', formed with ma- on the native root lupit, with no figurative basis.",s1_tag_r1,s2_tag_r1
tag_r1_2,tag,Tagalog,Austronesian,Greater Central Philippine,Papunesia,false,,1,2,walang puso,,without heart,"Heartless; callous and cruel, without compassion.",everyday,current,high,valid,[],[],False,False,False,False,"lacking a heart, the seat of compassion",,,native,,,"It negates the heart, understood as the organ of feeling, rather than humanity.",s1_tag_r1,s2_tag_r1
tag_r1_3,tag,Tagalog,Austronesian,Greater Central Philippine,Papunesia,false,,1,3,walang awa,,without pity,"Merciless or pitiless; often used of brutal acts, e.g. 'walang awang pinatay' (killed mercilessly).",everyday,current,high,valid,[],[],False,False,False,False,,,,native,,,"It is a literal statement that the person lacks pity, with no figurative basis.",s1_tag_r1,s2_tag_r1
tag_r1_4,tag,Tagalog,Austronesian,Greater Central Philippine,Papunesia,false,,1,4,hayop,,"animal, beast",Insult calling someone a beast for brutal or depraved behaviour; also used as an exclamation ('Hayop ka!').,slang_or_insult,current,high,valid,[],[],False,True,False,False,,,,native,,,It directly calls the person an animal or beast.,s1_tag_r1,s2_tag_r1
tag_r1_5,tag,Tagalog,Austronesian,Greater Central Philippine,Papunesia,false,,1,5,demonyo,,demon (from Spanish demonio),"Calls a person a devil, i.e. evil and wicked.",slang_or_insult,current,high,valid,[],[],False,False,True,False,,,,older_loanword,Spanish,,It calls the person a demon and was borrowed from Spanish demonio during the colonial period.,s1_tag_r1,s2_tag_r1
tag_r1_6,tag,Tagalog,Austronesian,Greater Central Philippine,Papunesia,false,,1,6,halimaw,,"monster, beast","A monster; used of a person who commits monstrous, inhuman acts.",everyday,current,high,valid,[],[],False,False,True,False,,,,older_loanword,Malay,"The word is probably related to Malay harimau 'tiger', and it may be an inherited cognate rather than a borrowing.",It compares the person to a monster; its older 'wild beast' sense is secondary in current usage.,s1_tag_r1,s2_tag_r1
tag_r1_7,tag,Tagalog,Austronesian,Greater Central Philippine,Papunesia,false,,1,7,masama,,bad (ma- + sama 'badness'),Bad or evil; 'masamang tao' means a wicked person. Intensified as 'napakasama' (extremely wicked).,everyday,current,high,valid,[],[],False,False,False,False,,,,native,,,It is the plain native word for 'bad' or 'evil'.,s1_tag_r1,s2_tag_r1
tag_r1_8,tag,Tagalog,Austronesian,Greater Central Philippine,Papunesia,false,,1,8,walang konsensya,,without conscience,Conscienceless; does evil without remorse.,everyday,current,high,valid,[],[],False,False,False,False,,,,native,,"The phrase is formed natively, but konsensya is an old Spanish loan from conciencia.",It is a literal statement that the person lacks a conscience.,s1_tag_r1,s2_tag_r1
tag_r1_9,tag,Tagalog,Austronesian,Greater Central Philippine,Papunesia,false,,1,9,halang ang bituka,,crosswise the intestines,"Describes a ruthless, hardened person (typically a criminal) capable of killing without hesitation.",everyday,current,medium,valid,[],[],False,False,False,False,"bodily metaphor: intestines lying crosswise, i.e. a hardened inner constitution",,,native,,,It is a native idiom that locates ruthlessness in an abnormal arrangement of the bowels.,s1_tag_r1,s2_tag_r1
tag_r1_10,tag,Tagalog,Austronesian,Greater Central Philippine,Papunesia,false,,1,10,karumal-dumal,,heinous (reduplicated form related to dumal 'foulness'),"Heinous or atrocious; used especially of crimes, e.g. 'karumal-dumal na krimen'.",formal_or_literary,current,high,valid,[],[],False,False,False,False,foulness or defilement,,,native,,,It is a native reduplicated form that frames the crime as foul or defiling.,s1_tag_r1,s2_tag_r1
tag_r1_11,tag,Tagalog,Austronesian,Greater Central Philippine,Papunesia,false,,1,11,kasuklam-suklam,,loathsome (reduplicated form of suklam 'loathing'),Abominable or detestable; describes a disgustingly evil act.,formal_or_literary,current,high,valid,[],[],False,False,False,False,,,,native,,,"It literally means 'loathsome', naming the speaker's disgust without any figurative image.",s1_tag_r1,s2_tag_r1
tag_r1_12,tag,Tagalog,Austronesian,Greater Central Philippine,Papunesia,false,,1,12,salbahe,,savage (from Spanish salvaje),"Wicked, mean or nasty; ranges from naughty to cruel.",everyday,current,high,valid,[],[],False,False,False,False,"etymologically 'savage', i.e. wild or uncivilized",,,older_loanword,Spanish,,"It comes from Spanish salvaje 'savage', an image of wildness that has faded into a general sense of 'wicked'.",s1_tag_r1,s2_tag_r1
tag_r1_13,tag,Tagalog,Austronesian,Greater Central Philippine,Papunesia,false,,1,13,berdugo,,executioner (from Spanish verdugo),A brutal tormentor or butcher; a person who cruelly abuses or kills others.,everyday,current,medium,valid,[],[],False,False,False,False,comparison to an executioner,,,older_loanword,Spanish,,It likens the cruel person to an executioner and was borrowed from Spanish verdugo.,s1_tag_r1,s2_tag_r1
tag_r1_14,tag,Tagalog,Austronesian,Greater Central Philippine,Papunesia,false,,1,14,imbi,,"vile, base","Vile, mean or despicable in character.",formal_or_literary,current,medium,valid,[],[],False,False,False,False,,,,native,,,It is a plain native adjective meaning 'vile' or 'base'.,s1_tag_r1,s2_tag_r1
tag_r1_15,tag,Tagalog,Austronesian,Greater Central Philippine,Papunesia,false,,1,15,buktot,,"wicked, crooked",Wicked or evil-minded; literary.,formal_or_literary,archaic,medium,valid,[],[],False,False,False,False,crookedness or bentness,,,native,,,"It is a native word meaning 'bent' or 'crooked', applied figuratively to a wicked character.",s1_tag_r1,s2_tag_r1
tha_r1_1,tha,Thai,Tai-Kadai,Kam-Tai,Eurasia,false,,1,1,เลว,leo,"bad, base","Wicked, rotten, morally bad. Used of a person or a deed. It is the most general everyday word of moral condemnation.",everyday,current,high,valid,[],[],False,False,False,False,,,,native,,,"A basic native Tai adjective meaning 'bad', used as a plain moral condemnation with no figurative basis.",s1_tha_r1,s2_tha_r1
tha_r1_2,tha,Thai,Tai-Kadai,Kam-Tai,Eurasia,false,,1,2,ใจร้าย,chai rai,heart fierce/bad,"Cruel, mean-hearted, unkind. It ranges from mild to strong depending on context.",everyday,current,high,valid,[],[],False,False,False,False,heart as seat of disposition: a 'fierce/bad heart',,,native,,,"A native compound that locates cruelty in a bad heart, a conventional heart metaphor, with no denial of humanity or comparison to animals or supernatural beings.",s1_tha_r1,s2_tha_r1
tha_r1_3,tha,Thai,Tai-Kadai,Kam-Tai,Eurasia,false,,1,3,ชั่ว,chua,"evil, bad","Evil, wicked. It is stronger than เลว and morally loaded, with Buddhist overtones of evil deeds.",everyday,current,high,valid,[],[],False,False,False,False,,,,native,,,A plain native word for evil or wicked with no figurative basis.,s1_tha_r1,s2_tha_r1
tha_r1_4,tha,Thai,Tai-Kadai,Kam-Tai,Eurasia,false,,1,4,โหดร้าย,hot rai,savage + fierce/bad,"Cruel, brutal. Typical of violent acts, abuse of animals and atrocities.",everyday,current,high,valid,[],[],False,False,False,False,,,,native,,,"A native compound of two adjectives, 'savage' and 'fierce/bad', forming a plain condemnation.",s1_tha_r1,s2_tha_r1
tha_r1_5,tha,Thai,Tai-Kadai,Kam-Tai,Eurasia,false,,1,5,ชั่วช้า,chua cha,evil + base,"Utterly wicked, vile, villainous.",everyday,current,high,valid,[],[],False,False,False,False,,,,native,,,An intensifying native compound of 'evil' and 'base' with no figurative content.,s1_tha_r1,s2_tha_r1
tha_r1_6,tha,Thai,Tai-Kadai,Kam-Tai,Eurasia,false,,1,6,เลวทราม,leo sam,bad + low/vile,"Vile, despicable, morally depraved.",everyday,current,high,valid,[],[],False,False,False,False,,,,native,,,A native compound of 'bad' and 'low/degraded' expressing plain moral condemnation.,s1_tha_r1,s2_tha_r1
tha_r1_7,tha,Thai,Tai-Kadai,Kam-Tai,Eurasia,false,,1,7,ใจดำ,chai dam,heart black,"Heartless, callous, having no pity for others' suffering.",everyday,current,high,valid,[],[],False,False,False,False,black heart: blackness of the heart as callousness,,,native,,,A native heart-plus-colour metaphor in which a black heart signifies pitilessness.,s1_tha_r1,s2_tha_r1
tha_r1_8,tha,Thai,Tai-Kadai,Kam-Tai,Eurasia,false,,1,8,เหี้ยมโหด,hiam hot,ruthless + savage,"Ruthlessly brutal, merciless. Common in news reports of murders and violent crimes.",everyday,current,high,valid,[],[],False,False,False,False,,,,native,,,"A native compound of 'ruthless' and 'savage', used as a plain intensified condemnation.",s1_tha_r1,s2_tha_r1
tha_r1_9,tha,Thai,Tai-Kadai,Kam-Tai,Eurasia,false,,1,9,อำมหิต,ammahit,ruthless/cruel (loan from Pali/Sanskrit),"Cold-bloodedly cruel, savage. Often used of killings, as in ฆาตกรรมอย่างอำมหิต 'savage murder'.",formal_or_literary,current,high,valid,[],[],False,False,False,False,,,,older_loanword,Pali/Sanskrit,The exact Indic source form is uncertain.,"A learned Indic loan meaning cruel or ruthless, with no human-denial or figurative component.",s1_tha_r1,s2_tha_r1
tha_r1_10,tha,Thai,Tai-Kadai,Kam-Tai,Eurasia,false,,1,10,ทารุณ,tharun,"harsh, cruel (Sanskrit loan)","Cruel, inhumane in treatment, especially of animals, children or prisoners. Also found in ทารุณกรรม 'cruelty, abuse'.",formal_or_literary,current,high,valid,[],[],False,False,False,False,,,,older_loanword,Sanskrit,,"Borrowed from Sanskrit dāruṇa 'harsh, cruel'; a plain adjective even though it is glossed in English as 'inhumane'.",s1_tha_r1,s2_tha_r1
tha_r1_11,tha,Thai,Tai-Kadai,Kam-Tai,Eurasia,false,,1,11,ใจยักษ์ใจมาร,chai yak chai man,heart giant/ogre heart demon,"Demonically cruel-hearted, monstrous.",everyday,current,medium,valid,[],[],False,False,True,False,,,,native,,,"A native Thai formation, built on Indic-derived words, that attributes the heart of a yak (ogre) and a Mara (demon) to the person, making it a supernatural comparison.",s1_tha_r1,s2_tha_r1
tha_r1_12,tha,Thai,Tai-Kadai,Kam-Tai,Eurasia,false,,1,12,สารเลว,san leo,substance/essence bad,"Scoundrel, bastard. A strong insult for a vile, wicked person.",slang_or_insult,current,high,valid,[],[],False,False,False,False,rotten essence/substance: the person is bad at their core,,,native,,,"A Thai compound of Pali-derived sān 'essence' and native leo 'bad', depicting a person bad in essence.",s1_tha_r1,s2_tha_r1
tha_r1_13,tha,Thai,Tai-Kadai,Kam-Tai,Eurasia,false,,1,13,ระยำ,rayam,"vile, damned","Despicable, vile. A coarse insult for a person or an act.",slang_or_insult,current,high,valid,[],[],False,False,False,False,,,,unknown,,The etymology is unclear; it may be of Khmer origin.,"A coarse insult meaning vile, with no figurative basis evident.",s1_tha_r1,s2_tha_r1
tha_r1_14,tha,Thai,Tai-Kadai,Kam-Tai,Eurasia,false,,1,14,นรกส่งมาเกิด,narok song ma koet,hell sent come be-born,Spawn of hell. Said of someone so wicked they seem to have been sent from hell.,slang_or_insult,current,medium,valid,[],[],False,False,True,False,hellish origin: born out of hell,,,native,,,"A native phrase presenting the person as a being sent from hell to be born, which invokes the supernatural realm of hell beings.",s1_tha_r1,s2_tha_r1
tha_r1_15,tha,Thai,Tai-Kadai,Kam-Tai,Eurasia,false,,1,15,เดรัจฉาน,deratchan,"beast, animal (lower being, Buddhist term)","Beast, brute. An insult for someone whose cruelty is seen as inhuman.",slang_or_insult,current,high,valid,[],[],False,True,False,False,,,,older_loanword,Pali,,"From Pali tiracchāna 'animal', it calls the person a beast, which is an animal comparison without any explicit negation of 'human'.",s1_tha_r1,s2_tha_r1
tur_r1_1,tur,Turkish,Altaic,Turkic,Eurasia,false,,1,1,vicdansız,,conscience-less,"Heartless, without conscience. Used of a person or act shockingly cruel or callous; a very common everyday condemnation.",everyday,current,high,valid,[],[],False,False,False,False,,,,native,,,A Turkish derivation of the Arabic loan vicdan 'conscience' plus the privative -sız; a plain condemnation for lacking conscience.,s1_tur_r1,s2_tur_r1
tur_r1_2,tur,Turkish,Altaic,Turkic,Eurasia,false,,1,2,acımasız,,pity-less,"Merciless, ruthless. Used of a person or an act.",everyday,current,high,valid,[],[],False,False,False,False,,,,native,,,Native acı- 'pity' with the privative suffix; a plain 'merciless' with no figurative basis.,s1_tur_r1,s2_tur_r1
tur_r1_3,tur,Turkish,Altaic,Turkic,Eurasia,false,,1,3,zalim,,oppressor / cruel one (Arabic loan),"Cruel, tyrannical. A cruel person or oppressor, often used in exclamations ('Zalim!').",everyday,current,high,valid,[],[],False,False,False,False,,,,older_loanword,Arabic,,Arabic ẓālim 'oppressor'; a plain condemnation of cruelty.,s1_tur_r1,s2_tur_r1
tur_r1_4,tur,Turkish,Altaic,Turkic,Eurasia,false,,1,4,canavar,,monster / wild beast,"Monster. Said of someone who commits an atrocious act, e.g. a murderer or child abuser.",everyday,current,high,valid,[],[],False,True,True,False,,,,older_loanword,Persian,,"From Persian jānvar 'animal'; it meant a wild beast (especially the wolf) and now chiefly means monster, so it compares the person to both a beast and a monster.",s1_tur_r1,s2_tur_r1
tur_r1_5,tur,Turkish,Altaic,Turkic,Eurasia,false,,1,5,insafsız,,fairness/equity-less,"Merciless, unconscionable. Without any sense of fairness or compassion.",everyday,current,high,valid,[],[],False,False,False,False,,,,native,,,A Turkish derivation of the Arabic loan insaf 'fairness' plus -sız; a plain condemnation.,s1_tur_r1,s2_tur_r1
tur_r1_6,tur,Turkish,Altaic,Turkic,Eurasia,false,,1,6,zulüm,,oppression / cruelty,"Cruelty, atrocity, oppression. Used to condemn an act ('Bu ne zulüm!' 'What cruelty is this!').",everyday,current,high,valid,[],[],False,False,False,False,,,,older_loanword,Arabic,,Arabic ẓulm 'oppression'; a plain noun for cruelty.,s1_tur_r1,s2_tur_r1
tur_r1_7,tur,Turkish,Altaic,Turkic,Eurasia,false,,1,7,insanlık dışı,,humanity outside,Inhuman. Used of an act beyond the bounds of humane behaviour; common in news and everyday speech.,everyday,current,high,valid,[],[],True,False,False,False,,literal,transparent,native,,"It may have been modelled on Western 'inhuman/inhumain', but it is not a direct calque.","It literally places the act 'outside humanity' (insanlık), which speakers clearly understand.",s1_tur_r1,s2_tur_r1
tur_r1_8,tur,Turkish,Altaic,Turkic,Eurasia,false,,1,8,kalpsiz,,heart-less,"Heartless, unfeeling, cruel.",everyday,current,high,valid,[],[],False,False,False,False,"lacking a heart, the seat of feeling and compassion",,,native,,,"A Turkish derivation of kalp 'heart' plus -sız, a metaphor of a missing seat of feeling; it does not deny humanity.",s1_tur_r1,s2_tur_r1
tur_r1_9,tur,Turkish,Altaic,Turkic,Eurasia,false,,1,9,merhametsiz,,mercy-less,"Merciless, pitiless.",everyday,current,high,valid,[],[],False,False,False,False,,,,native,,,A Turkish derivation of the Arabic loan merhamet 'mercy' plus -siz; a plain condemnation.,s1_tur_r1,s2_tur_r1
tur_r1_10,tur,Turkish,Altaic,Turkic,Eurasia,false,,1,10,gaddar,,cruel / treacherous one (Arabic loan),"Cruel, ruthless, brutal.",everyday,current,high,valid,[],[],False,False,False,False,,,,older_loanword,Arabic,,Arabic ghaddār 'treacherous'; a plain condemnation meaning cruel.,s1_tur_r1,s2_tur_r1
tur_r1_11,tur,Turkish,Altaic,Turkic,Eurasia,false,,1,11,vahşet,,savagery / wildness,"Savagery, atrocity. Used of a brutally cruel act such as a massacre or gruesome murder.",everyday,current,high,valid,[],[],False,False,False,False,"wildness/savagery, an untamed uncivilized state",,,older_loanword,Arabic,"The Arabic root waḥš also denotes wild animals, but the Turkish word means savagery and is not an explicit animal comparison.",It condemns the act as savage wildness rather than comparing it to a specific animal.,s1_tur_r1,s2_tur_r1
tur_r1_12,tur,Turkish,Altaic,Turkic,Eurasia,false,,1,12,alçak,,low,"Vile, despicable, base. Used of a wicked person or act; a strong insult.",slang_or_insult,current,high,valid,[],[],False,False,False,False,physical lowness as moral baseness,,,native,,,"Native 'low', extended metaphorically to moral vileness.",s1_tur_r1,s2_tur_r1
tur_r1_13,tur,Turkish,Altaic,Turkic,Eurasia,false,,1,13,Allah'tan korkmaz,,God-from not-fear(s),"Godless, one who fears nothing. Describes someone capable of any wickedness; also used as the reproach 'Allah'tan korkmaz mısın?' ('Don't you fear God?').",everyday,current,high,valid,[],[],False,False,False,False,"lacking fear of God, i.e. without religious or moral restraint",,,native,,,A native phrase that condemns the person as having no fear of God and therefore no restraint.,s1_tur_r1,s2_tur_r1
tur_r1_14,tur,Turkish,Altaic,Turkic,Eurasia,false,,1,14,şeytan,,devil / Satan,"Devil. Said of a wicked, evil person (also used jokingly for a cunning person).",everyday,current,medium,valid,[],[],False,False,True,False,,,,older_loanword,Arabic,,Arabic shayṭān 'Satan'; it compares the person to the devil.,s1_tur_r1,s2_tur_r1
tur_r1_15,tur,Turkish,Altaic,Turkic,Eurasia,false,,1,15,yezit,,Yazid (the Umayyad caliph blamed for the killing of Husayn at Karbala),"Evil, cruel, wicked person. A curse-like insult for someone malevolent.",slang_or_insult,current,medium,valid,[],[],False,False,False,False,comparison to the archetypal historical villain Yazid,,,older_loanword,Arabic,,"It uses the name of the caliph Yazid, blamed for Karbala, as an emblem of cruelty.",s1_tur_r1,s2_tur_r1
vie_r1_1,vie,Vietnamese,Austro-Asiatic,Vietic,Eurasia,false,,1,1,ác,,evil/cruel,"Cruel or wicked. The basic everyday word, often intensified (e.g. 'ác quá', 'ác thế').",everyday,current,high,valid,[],[],False,False,False,False,,,,older_loanword,Chinese,,"A plain evaluative adjective from Sino-Vietnamese 惡 'evil', with no figurative basis.",s1_vie_r1,s2_vie_r1
vie_r1_2,vie,Vietnamese,Austro-Asiatic,Vietic,Eurasia,false,,1,2,độc ác,,poisonous evil,"Wicked, malicious, deliberately cruel. Used of people and their deeds.",everyday,current,high,valid,[],[],False,False,False,False,poison metaphor (độc 毒 'poisonous'),,,older_loanword,Chinese,,A Sino-Vietnamese compound of 毒 'poison' and 惡 'evil' that likens malice to poison.,s1_vie_r1,s2_vie_r1
vie_r1_3,vie,Vietnamese,Austro-Asiatic,Vietic,Eurasia,false,,1,3,tàn nhẫn,,cruel hard-hearted,"Ruthless, merciless, cruel without pity.",everyday,current,high,valid,[],[],False,False,False,False,,,,older_loanword,Chinese,,"A Sino-Vietnamese 殘忍 'cruel, unfeeling'; a plain condemnation with no figurative image.",s1_vie_r1,s2_vie_r1
vie_r1_4,vie,Vietnamese,Austro-Asiatic,Vietic,Eurasia,false,,1,4,dã man,,wild barbarian,"Savage, barbaric. Used of atrocious, brutal acts. In slang it also works as an intensifier ('extremely').",everyday,current,high,valid,[],[],False,False,False,False,comparison to uncivilized barbarians/savages,,,older_loanword,Chinese,,Sino-Vietnamese 野蠻 'wild barbarian' likens the act to the behaviour of uncivilized peoples.,s1_vie_r1,s2_vie_r1
vie_r1_5,vie,Vietnamese,Austro-Asiatic,Vietic,Eurasia,false,,1,5,thất đức,,lose virtue,"Wicked, heartless, morally depraved. Said of an act so bad it damages one's karma or invites retribution.",everyday,current,high,valid,[],[],False,False,False,False,loss of virtue/karmic merit inviting retribution,,,older_loanword,Chinese,,Sino-Vietnamese 失德 'lose virtue' frames the wickedness as forfeiting moral and karmic merit.,s1_vie_r1,s2_vie_r1
vie_r1_6,vie,Vietnamese,Austro-Asiatic,Vietic,Eurasia,false,,1,6,ác độc,,evil poisonous,"Vicious, wicked. A near-synonym of 'độc ác'.",everyday,current,high,valid,[],[],False,False,False,False,poison metaphor (độc 毒 'poisonous'),,,older_loanword,Chinese,,This is the reversed form of độc ác and likewise likens viciousness to poison.,s1_vie_r1,s2_vie_r1
vie_r1_7,vie,Vietnamese,Austro-Asiatic,Vietic,Eurasia,false,,1,7,tàn ác,,cruel evil,"Brutally cruel, atrocious.",everyday,current,high,valid,[],[],False,False,False,False,,,,older_loanword,Chinese,,Sino-Vietnamese 殘惡 'cruel evil' is a plain intensified condemnation.,s1_vie_r1,s2_vie_r1
vie_r1_8,vie,Vietnamese,Austro-Asiatic,Vietic,Eurasia,false,,1,8,vô nhân tính,,without human nature,Inhuman. Describes acts so cruel they lack all humanity.,everyday,current,high,valid,[],[],True,False,False,False,,literal,transparent,recent_loanword,Chinese,The compound with nhân tính 人性 'human nature' is probably a modern Sino-Vietnamese formation; the dating is uncertain.,"Vô 無 'without' together with nhân tính 人性 'human nature' explicitly denies humanity, and speakers clearly perceive this.",s1_vie_r1,s2_vie_r1
vie_r1_9,vie,Vietnamese,Austro-Asiatic,Vietic,Eurasia,false,,1,9,táng tận lương tâm,,lose entirely good heart/conscience,"Utterly devoid of conscience. A strong condemnation of monstrous acts, common in the press.",formal_or_literary,current,high,valid,[],[],False,False,False,False,total destruction/loss of conscience,,,older_loanword,Chinese,,"From Chinese 喪盡良心, 'having entirely lost one's conscience'; it negates conscience, not humanity.",s1_vie_r1,s2_vie_r1
vie_r1_10,vie,Vietnamese,Austro-Asiatic,Vietic,Eurasia,false,,1,10,man rợ,,barbarian savage,"Barbaric, savage, horrifyingly brutal.",everyday,current,high,valid,[],[],False,False,False,False,comparison to barbarians,,,native,,,"This Vietnamese compound of Sino-Vietnamese man 蠻 and native rợ, both meaning 'barbarian', likens cruelty to savage peoples.",s1_vie_r1,s2_vie_r1
vie_r1_11,vie,Vietnamese,Austro-Asiatic,Vietic,Eurasia,false,,1,11,tàn bạo,,cruel violent,"Brutal, tyrannical, violently cruel.",formal_or_literary,current,high,valid,[],[],False,False,False,False,,,,older_loanword,Chinese,,"Sino-Vietnamese 殘暴 'cruel, violent' is a plain condemnation.",s1_vie_r1,s2_vie_r1
vie_r1_12,vie,Vietnamese,Austro-Asiatic,Vietic,Eurasia,false,,1,12,lòng lang dạ thú,,heart wolf belly beast,"Having the heart of a wolf and the guts of a beast, i.e. a savagely cruel, inhuman character.",formal_or_literary,current,high,valid,[],[],False,True,False,False,,,,native,,,"The idiom attributes a wolf's heart and a beast's belly to the person, an explicit animal comparison.",s1_vie_r1,s2_vie_r1
vie_r1_13,vie,Vietnamese,Austro-Asiatic,Vietic,Eurasia,false,,1,13,đồ súc sinh,,thing/type livestock-beast,You beast! An insult for someone whose cruelty makes them less than human.,slang_or_insult,current,high,valid,[],[],False,True,False,False,,,,older_loanword,Chinese,,"Súc sinh 畜生 'livestock, beast', combined with native đồ, calls the person an animal; there is no explicit negation of 'human'.",s1_vie_r1,s2_vie_r1
vie_r1_14,vie,Vietnamese,Austro-Asiatic,Vietic,Eurasia,false,,1,14,ác ôn,,evil pestilence,"A vicious, brutal thug or tyrant. Also an adjective for extremely cruel behaviour. Associated with wartime oppressors.",everyday,current,medium,valid,[],[],False,False,False,False,pestilence/plague (ôn 瘟),,,native,,"Ôn may evoke ôn thần, the plague deity, but it is mainly understood as 'pestilence'.",This Vietnamese formation from Sino-Vietnamese elements likens the cruel person to a plague.,s1_vie_r1,s2_vie_r1
vie_r1_15,vie,Vietnamese,Austro-Asiatic,Vietic,Eurasia,false,,1,15,vô lương tâm,,without conscience,"Conscienceless, heartless. Said of someone who does cruel or wicked things without remorse.",everyday,current,high,valid,[],[],False,False,False,False,,,,older_loanword,Chinese,,"Vô lương tâm 'without conscience' negates conscience rather than humanity, so it is a plain condemnation.",s1_vie_r1,s2_vie_r1
yor_r1_1,yor,Yoruba,Niger-Congo,Defoid,Africa,false,,1,1,ìkà,,wickedness/cruelty,"Wickedness or cruelty. Used as a predicate for a person or act, e.g. 'ìkà ni ọ́' ('you are wicked').",everyday,current,high,valid,[],[],False,False,False,False,,,,native,,,"A plain native abstract noun for wickedness, with no figurative basis.",s1_yor_r1,s2_yor_r1
yor_r1_2,yor,Yoruba,Niger-Congo,Defoid,Africa,false,,1,2,ọ̀ṣìkà,,one-who-does-wickedness,"A wicked, cruel person. A very common accusation: 'ọ̀ṣìkà ni ẹ́!'",everyday,current,high,valid,[],[],False,False,False,False,,,,native,,,"An agentive derivation (ọ̀- + ṣe 'do' + ìkà) meaning 'doer of wickedness', a plain condemnation.",s1_yor_r1,s2_yor_r1
yor_r1_3,yor,Yoruba,Niger-Congo,Defoid,Africa,false,,1,3,ìwà ìkà,,character/behaviour (of) wickedness,A wicked or cruel act or behaviour.,everyday,current,high,valid,[],[],False,False,False,False,,,,native,,,A literal phrase 'character of wickedness' with no figurative basis.,s1_yor_r1,s2_yor_r1
yor_r1_4,yor,Yoruba,Niger-Congo,Defoid,Africa,false,,1,4,aṣebi,,one-who-does-evil,"An evildoer, a malicious person.",everyday,current,high,valid,[],[],False,False,False,False,,,,native,,,"An agentive compound a- + ṣe 'do' + ibi 'evil', a plain condemnation.",s1_yor_r1,s2_yor_r1
yor_r1_5,yor,Yoruba,Niger-Congo,Defoid,Africa,false,,1,5,ẹni ibi,,person (of) evil,An evil person.,everyday,current,high,valid,[],[],False,False,False,False,,,,native,,,"'Person of evil' contains 'person', but nothing negates or excludes it, so it is a plain condemnation.",s1_yor_r1,s2_yor_r1
yor_r1_6,yor,Yoruba,Niger-Congo,Defoid,Africa,false,,1,6,òǹrorò,,harsh/cruel one,"A cruel, harsh, merciless person.",everyday,current,medium,valid,[],[],False,False,False,False,,,,native,,,"A reduplicated agentive from rorò 'be harsh/fierce', a plain descriptive term.",s1_yor_r1,s2_yor_r1
yor_r1_7,yor,Yoruba,Niger-Congo,Defoid,Africa,false,,1,7,ọ̀dájú,,one-whose-eyes/face-are-hard (dá + ojú),"A heartless, callous, unfeeling person who shows no shame or pity.",everyday,current,medium,valid,[],[],False,False,False,False,hardened/dry eyes or face as a metaphor for shamelessness and lack of pity,,,native,,,"Built on dá + ojú 'hardened eyes/face', a bodily metaphor for callousness.",s1_yor_r1,s2_yor_r1
yor_r1_8,yor,Yoruba,Niger-Congo,Defoid,Africa,false,,1,8,èèyàn burúkú,,person bad,A bad or wicked person.,everyday,current,high,valid,[],[],False,False,False,False,,,,native,,,'Bad person' is a literal evaluation that affirms rather than denies personhood.,s1_yor_r1,s2_yor_r1
yor_r1_9,yor,Yoruba,Niger-Congo,Defoid,Africa,false,,1,9,aláìláàánú,,one-without-mercy,"A merciless, pitiless person.",everyday,current,medium,valid,[],[],False,False,False,False,,,,native,,,"It negates mercy (àánú), not humanity, so it is a plain 'merciless' condemnation.",s1_yor_r1,s2_yor_r1
yor_r1_10,yor,Yoruba,Niger-Congo,Defoid,Africa,false,,1,10,kò ní ẹ̀rí ọkàn,,not have witness (of) heart,He or she has no conscience. Said of someone who does something cruel without remorse.,everyday,current,medium,valid,[],[],False,False,False,False,,,,native,,,"It negates having a conscience; ẹ̀rí ọkàn is a lexicalised word for 'conscience', not a live figurative image.",s1_yor_r1,s2_yor_r1
yor_r1_11,yor,Yoruba,Niger-Congo,Defoid,Africa,false,,1,11,ọkàn líle,,heart hard,"Hard-heartedness, callousness, e.g. 'ó ní ọkàn líle' ('he has a hard heart').",everyday,current,medium,valid,[],[],False,False,False,False,hard heart as a metaphor for callousness,,,native,,,It uses the metaphor of a hard heart for lack of compassion.,s1_yor_r1,s2_yor_r1
yor_r1_12,yor,Yoruba,Niger-Congo,Defoid,Africa,false,,1,12,ẹranko,,animal/beast,'Beast'. An insult for someone who behaves inhumanly or cruelly.,slang_or_insult,current,medium,valid,[],[],False,True,False,False,,,,native,,,"It calls the person a beast (ẹran 'animal/meat' + oko 'bush'), an animal comparison.",s1_yor_r1,s2_yor_r1
yor_r1_13,yor,Yoruba,Niger-Congo,Defoid,Africa,false,,1,13,èṣù,,"Esu (the trickster deity, glossed as 'devil' in Christian/Muslim usage)","'Devil'. An insult for an extremely wicked person, e.g. 'èṣù ni ọ́'.",slang_or_insult,current,medium,valid,[],[],False,False,True,False,,,,native,,,"It compares the person to Èṣù, reinterpreted as the devil, a supernatural being.",s1_yor_r1,s2_yor_r1
yor_r1_14,yor,Yoruba,Niger-Congo,Defoid,Africa,false,,1,14,àjẹ́,,witch,'Witch'. Used as an accusation against a person seen as malevolently destructive toward others.,slang_or_insult,current,medium,valid,[],[],False,False,True,False,,,,native,,,"It likens the person to a witch with occult destructive powers, a supernatural figure.",s1_yor_r1,s2_yor_r1
yor_r1_15,yor,Yoruba,Niger-Congo,Defoid,Africa,false,,1,15,aṣèkà,,one-who-does-wickedness,"A wicked person, a variant formation alongside ọ̀ṣìkà.",everyday,current,medium,valid,[],[],False,False,False,False,,,,native,,,"An agentive a- + ṣe + ìkà 'doer of wickedness', a plain condemnation.",s1_yor_r1,s2_yor_r1
zul_r1_1,zul,Zulu,Niger-Congo,Bantu,Africa,false,,1,1,unonya,,"he/she-has-cruelty (u- 'he/she is' + -nonya 'with cruelty', from unya 'cruelty')","He/she is cruel, merciless. The noun unya means 'cruelty' and is applied to both acts and people.",everyday,current,high,valid,[],[],False,False,False,False,,,,native,,,"A plain predication of cruelty built from the native noun unya, with no figurative basis.",s1_zul_r1,s2_zul_r1
zul_r1_2,zul,Zulu,Niger-Congo,Bantu,Africa,false,,1,2,isihluku,,brutality/atrocity,"A brutal, savage act or atrocity. It is also used in 'unesihluku' ('he/she is brutal') and for horrific crimes.",everyday,current,high,valid,[],[],False,False,False,False,,,,native,,,"A native abstract noun meaning brutality or atrocity, used as a direct condemnation without imagery.",s1_zul_r1,s2_zul_r1
zul_r1_3,zul,Zulu,Niger-Congo,Bantu,Africa,false,,1,3,ukhohlakele / umkhohlakali,,"he/she-is-wicked / wicked-person (from -khohlakala 'be wicked, cruel, depraved')","He/she is wicked or cruel. The noun form means a wicked, heartless person.",everyday,current,high,valid,[],[],False,False,False,False,,,,native,,,"Native verb and agent-noun forms of -khohlakala 'be wicked', which describe wickedness directly.",s1_zul_r1,s2_zul_r1
zul_r1_4,zul,Zulu,Niger-Congo,Bantu,Africa,false,,1,4,ububi,,badness/evil (ubu- abstract + -bi 'bad'),"Evil, wickedness. It refers to a wicked deed or nature, as in 'lobu ngububi' ('this is evil').",everyday,current,high,valid,[],[],False,False,False,False,,,,native,,"A general word for evil or badness, not specific to extraordinary cruelty.","An abstract noun from -bi 'bad', a plain evaluative term.",s1_zul_r1,s2_zul_r1
zul_r1_5,zul,Zulu,Niger-Congo,Bantu,Africa,false,,1,5,isilwane,,wild animal/beast,Used of a person ('you beast!') who behaves with inhuman cruelty.,slang_or_insult,current,high,valid,[],[],False,True,False,False,,,,native,,,"Calls the person a wild beast, an explicit comparison with an animal; there is no explicit negation of 'person'.",s1_zul_r1,s2_zul_r1
zul_r1_6,zul,Zulu,Niger-Congo,Bantu,Africa,false,,1,6,umthakathi,,witch/sorcerer,"Literally a witch. As a condemnation, it labels someone as an evil, malicious person who harms others.",slang_or_insult,current,medium,valid,[],[],False,False,True,False,,,,native,,A witch is a human practitioner of malevolent occult power rather than a supernatural being as such.,"Labels the person a witch, invoking malevolent occult or supernatural evil.",s1_zul_r1,s2_zul_r1
zul_r1_7,zul,Zulu,Niger-Congo,Bantu,Africa,false,,1,7,isigebengu,,criminal/thug,A violent criminal or thug. It is used to condemn someone who commits vicious acts.,everyday,current,high,valid,[],[],False,False,False,False,,,,native,,,"A literal social category (criminal or thug) used as condemnation, with no figurative basis.",s1_zul_r1,s2_zul_r1
zul_r1_8,zul,Zulu,Niger-Congo,Bantu,Africa,false,,1,8,akanalo uzwelo,,he/she-does-not-have-it compassion,He/she has no compassion or pity; he/she is heartless.,everyday,current,high,valid,[],[],False,False,False,False,,,,native,,,"It negates compassion rather than humanity, so it is a plain condemnation.",s1_zul_r1,s2_zul_r1
zul_r1_9,zul,Zulu,Niger-Congo,Bantu,Africa,false,,1,9,unenhliziyo embi,,he/she-has heart bad,"He/she has a bad, wicked heart; is malicious.",everyday,current,medium,valid,[],[],False,False,False,False,the heart as the seat of moral character (a bad heart),,,native,,,It uses the metaphor of a bad heart standing for a wicked disposition.,s1_zul_r1,s2_zul_r1
zul_r1_10,zul,Zulu,Niger-Congo,Bantu,Africa,false,,1,10,isidlwangudlwangu,,brute/violent person,"A brutal, violent, bullying person.",everyday,current,medium,valid,[],[],False,False,False,False,,,,native,,,"A native reduplicated noun for a brutal, violent person, which describes the person directly.",s1_zul_r1,s2_zul_r1
zul_r1_11,zul,Zulu,Niger-Congo,Bantu,Africa,false,,1,11,isiqhwaga,,ruffian/thug,A ruthless ruffian or hooligan who commits violence.,everyday,current,medium,valid,[],[],False,False,False,False,,,,native,,,"A native noun for a ruffian or thug, a literal label with no imagery.",s1_zul_r1,s2_zul_r1
zul_r1_12,zul,Zulu,Niger-Congo,Bantu,Africa,false,,1,12,uSathane,,Satan,Calling someone 'Satan/devil' to condemn them as utterly wicked.,slang_or_insult,current,medium,valid,[],[],False,False,True,False,,,,older_loanword,"English (biblical Satan, via 19th-century missionary usage)",,Calling someone Satan compares them to the supreme evil supernatural being.,s1_zul_r1,s2_zul_r1
zul_r1_13,zul,Zulu,Niger-Congo,Bantu,Africa,false,,1,13,ukuhlukumeza,,to abuse/maltreat,"Cruel abuse or maltreatment of someone. It is used to condemn abusive acts, e.g. against children or women.",everyday,current,high,valid,[],[],False,False,False,False,,,,native,,It is a verb denoting abuse rather than an expression condemning extraordinary cruelty as such.,"A literal native verb meaning to abuse or maltreat, with no figurative basis.",s1_zul_r1,s2_zul_r1
